1601	我看你还是老样子，油嘴滑舌的。\n听着——你需要多了解那把剑。\n你的命都搭在上面了，所以你得开始上心了。
1602	他一言不发地走向后巷。{w}\n我跟在他身后，准备好更多地了解出埃及之刃。{w}\n抵达之后，我开始向他提问，主要是关于它的来历。
1603	我说不上来。这对我来说也是个谜。\n也许他们是在夺权之前从王室手里偷来的。\n我听说他们也能看到幻象，就像那把剑能提供的那样。
1604	如果事实并非如此，那也许就是他们自己造的。\n但我开始觉得，他们要么是偷来的，要么是偶然发现的。\n偷窃这种事他们干得出来，我们都已经领教过了。
1605	他摇了摇头，似乎因为无法满足我的好奇心而有些懊恼。{w}\n不过没关系——也许等我们去巴尔泰乌斯的时候就能弄清楚了。
1606	这大概是我该教你的第一招。
1607	他握紧拳头伸出来，我的剑随即出现在他手中。{w}\n我见过好几次了，几乎像是他随时都能把它召唤过来。
1608	你得靠近那把剑才能做到，但这招很有用。\n缴械敌人是战斗中可行的战术，所以做好准备。\n他们会想从你手里夺走那把剑，因为它蕴含的力量。
1609	我点点头。
1610	来吧。伸出手，去够那把剑。\n不是用身体，而是用你的意念。看看能不能奏效。
1611	我闭上眼，伸出手。{w}\n索维立刻用剑的钝面教训了我。{w}\n剑身拍在我手上，我微微一缩，甩掉疼痛。
1612	不行。战斗中绝不能闭眼。\n你在瓦利诺斯就没学到任何关于战斗的东西吗……？\n要是在真正的战斗中这么做，你几秒钟就没命了。
1613	我耸耸肩。
1614	再来一次。看着我的眼睛。\n要是你连指示都照做不了，你对我来说就没用。
1615	我照着他的话做，直视他的眼睛。{w}\n我尽全力集中精神，试着召唤那把剑。{w}\n可过了片刻，什么也没发生。一点动静都没有。
1616	再用力些。就当你的命系于其上。\n因为当你真需要这么做的时候——确实如此。
1617	我轻哼一声，但尽量不移开视线。{w}\n他眯起眼，像是在审视我的动作。{w}\n可又过了更久——依然什么也没发生。
1618	看来你需要一点刺激。
1619	毫无预警地，他伸手探向身后。{w}\n从背后的皮带里抽出一把匕首，向我攻来。{w}\n我摆出防御姿态，在他伤到我之前，剑已落入我手中。
1620	它以完美的角度和位置出现在我手中，正好挡下索维的攻击。{w}\n他的匕首与我的剑僵持不下，他把我逼退到巷子的墙上。
1621	所以驱动你的是恐惧……
1622	片刻之后，他退开，收起匕首。
1623	我也是这样，直到我驾驭了自己的恐惧。\n之后那把剑便回应我的意志，我的决心。\n它能学习和成长，就像你一样，[firstname]。
1624	如果你学会在战斗面前保持冷静——你会做得很好。\n一旦没了恐惧可以依赖，剑会寻找别的东西。\n但那究竟是什么，因人而异。
1625	我迫不及待想看看你会成为什么样的人。\n眼下，我们继续赶路吧。别再浪费时间了。\n等我们再有机会独处，我可以多教你一些。
1626	他笑了笑，离开了巷子。我独自留在那里。{w}\n考虑到我的处境和即将到来的战斗，要做到{i}不{/i}害怕很难。{w}\n但如果驾驭这些情绪能让我成为更好的持剑者，那我必须一试。
1627	我离开巷子，在脑海里回放刚才发生的事。{w}\n我的目光落到索维先前指给我看的那些画具上。{w}\n我一时想着，能不能给他买件礼物，感谢他的教导。
1628	看上去无伤大雅，于是我在离开城镇广场的路上停下来买下了它们。{w}\n我得找个合适的时机送给他，也许要等上一阵子。{w}\n但等这件事了结，我该继续上路了。
1629	这大概不是什么好主意，于是我把这念头抛在脑后，继续往前走。{w}\n也许下次吧——毕竟我现在很忙。{w}\n我离开城镇广场，准备好继续赶路。
1630	我们一踏进酒馆，麦酒的气味便扑面而来。{w}\n这跟佩雷格里诺完全不一样。这完全是另一个档次。{w}\n架子上摆满了外国酒，我根本不知道该从哪里看起。
1631	好主意，[firstname]。\n不来这儿，马泽奥之行就不算完整。\n要是该放松一会儿，我就直接坐吧台边了。
1632	好主意，[firstname]。\n不来这儿，马泽奥之行就不算完整。\n要是该放松一会儿，我就直接坐吧台边了。
1633	他冲我狡黠一笑，随即坐了下来。{w}\n一个我只能用忙得焦头烂额来形容的酒保来记下他的点单。{w}\n普洛往前走了几步，随后深吸一口气。
1634	这味道真是无可匹敌！\n要是你找我，我就在那边查看信件。\n我在瓦利诺斯待了好一阵子，可不想错过什么消息。
1635	他快步走到角落，开始翻看自己的信箱。{w}\n酒馆后角排着一列标有字母和数字的架子。{w}\n他一定是花钱弄了个匿名地址，或者类似的什么。
1636	酒馆对我没什么吸引力，[firstname]。\n我无意冒犯——但我会在外面等着。\n不是要催你放松，绝对不是。你当之无愧。
1637	酒馆对我没什么吸引力，[firstname]。\n我无意冒犯——但我会在外面等着。\n不是要催你放松，绝对不是。你当之无愧。
1638	他微微一笑，慢慢退出了酒馆。{w}\n我想这是个跟普洛和乌尔里克聊聊的好机会。{w}\n我们一直没有足够的时间彼此了解。
1639	瓦莱莎和福泰姆找了个位置坐下，彼此攀谈起来。{w}\n我想，在这儿浪费{i}一点点{/i}时间也没什么大不了的。{w}\n乌尔里克正大口灌着一大杯麦酒，普洛则在仔细翻阅几封信。
1640	目前无法访问此内容。\n如果标记为 X，你必须先完成前面的交心事件。\n如果标记为对勾，你必须继续下一个交心事件。
1641	目前无法访问此内容。\n如果标记为 X，你必须先完成前面的交心事件。\n如果标记为对勾，你必须继续下一个交心事件。
1642	这是一本关于阿拉林西亚内乱的书。
1643	我打量书架，寻找值得注意的东西。{w}\n没找到多少，只看到一篇关于时事的报道。{w}\n多了解一下阿莱斯蒂亚的现状也无妨。
1644	我背靠书架，开始读起来。{w}\n似乎是关于阿拉林西亚，乌尔里克的故乡。{w}\n显然，那边的局势不太妙。
1645	我想知道这个“维维安”是谁。{w}\n乌尔里克肯定会站在她这样的人一边。{w}\n他认为阿拉林西亚应该更像大陆那边。
1646	那么，你以前喝过这种酒吗？
1647	他朝吧台抬了抬下巴，挥手笼统地比划着一切。{w}\n我从没见过那样的酒瓶，所以完全摸不着头脑。{w}\n我们身处阿莱斯蒂亚截然不同的地区。这一切对我来说都是陌生的。
1648	你得陪我喝一杯。\n好酒我能挑得出来。\n没我在，你只会白白浪费时间。
1649	摆出来的有一半根本没那么好。\n说实话，好东西他们大多藏在下面。
1650	他指了指吧台下面。我想这倒也说得通。
1651	顺便，干杯。
1652	他举起杯子，然后闷了一大口麦酒。
1653	这根本比不上佩雷格里诺的酒。\n总之，你去忙你的事吧。我就在这儿。
1654	那么，你要来一杯吗？
1655	不，我不用。\n要操心的事太多了。
1656	你知道，你总得喝一回的。
1657	也许等这一切平息之后吧。
1658	那可能得等到天荒地老！\n你该抽点时间放松一下。
1659	{i}你{/i}要点什么吗……？
1660	是啊，不过我还在犹豫。\n菜单上的东西我一个都不认识。\n就像我们身处一个完全不同的世界。
1661	刚才那个苹果不是乌尔里克帮你买的吗？\n你哪来的钱点这些东西？
1662	哦……问得好。\n我习惯了瓦利诺斯的处事方式。\n因为我们的身份，几乎所有东西都是配给我们的。
1663	是啊，有道理。\n也许你该去哄哄乌尔里克。\n要是他请客，也许我会考虑尝一尝。
1664	听起来不错。\n我觉得他挺喜欢我，所以这很容易。\n在这儿等着——我们要尝尝菜单上最贵的东西。
1665	普洛背靠着信箱，翻拣着信件。{w}\n他一定很受欢迎，手里满是纸张。{w}\n我简直无法想象要是在瓦利诺斯收到这么多信会是什么样。
1666	哦——你好啊！
1667	他吓了一跳，抬头看我，随即转身面对信箱。{w}\n他像是赶时间似的，开始把各种信件塞进不同的信箱。{w}\n等等——那些信其实都不是他的？糟了。
1668	好吧，被你逮到了。\n只要别告诉别人，行吗？\n这是获取“情报”最好的办法之一。
1669	你大概会这么想，可事实就是如此。\n我干这行好几年了，从没人抱怨。\n我只要确保信箱主人不在附近就行。
1670	你知道，他们都各有作息和工作。\n我把这事做得像门科学，绝不会被抓到。\n源源不断的，就是一条又一条劲爆的秘密。
1671	哦？一个同伙……？\n我还真没想过这个。\n我想这{i}确实{/i}能让事情稍微轻松些。
1672	替我望风，好吗？\n有人靠近就告诉我。\n要是我被抓到，我可以把它说成是场误会。
1673	“哦，别担心！只是弄错了而已！”\n相信我，每次被抓到这招几乎都管用。\n赢得别人的好感太容易了。只要承认自己做错了事。
1674	他们会立刻转变立场来替你说话。\n“哦，别放在心上！又不是什么大事！”\n人的心思就是这么奇怪。
1675	哦？你想勒索我？\n说实话，我没看出你是这种人。\n我立刻对你更感兴趣了。
1676	不过——说实话——那对我没用。\n几乎任何局面我都能靠手段脱身。\n所以尽管放马过来，我保证我能随机应变。
1677	很好，这正是我想听到的。\n那么失陪了，我得回去忙正事。\n离这些信箱主人过来已经没多久了。
1678	他转回信箱，再次大肆搜刮。{w}\n我想他以为没关系，因为我是他的同伴之一。{w}\n当他“借阅”私人信息时，脸上浮现出大大的笑容。
1679	这些人干出的事真是令人惊叹。\n最看上去无辜的人也可能牵扯进可怕的事情里。\n你看——我能扛住勒索——但这些人不能。
1680	这是充实反抗军金库的好办法。\n所以今天晚些时候，我要去拜访这家伙。
1681	他轻敲手中一张纸。
1682	看来一位“声名良好”的商人正在干着见不得人的勾当。\n我想，要是人们发现他跟海盗有往来，他的生意会损失一些。\n要是我能让他掏钱封口，就能养活反抗军好几个月，[firstname]！
1683	看来一位“声名良好”的商人正在干着见不得人的勾当。\n我想，要是人们发现他跟海盗有往来，他的生意会损失一些。\n要是我能让他掏钱封口，就能养活反抗军好几个月，[firstname]！
1684	他看着我，像是在等我的首肯。
1685	你还好吗……？\n我没把你吓跑吧？\n这种事不是人人都受得了的。
1686	这才对嘛！这会是我几个月来最大的一票。\n我今晚就把它办妥，然后回总部房间里庆祝。\n欢迎你来找我，我很乐意一起共度些美好时光。
1687	你知道，达梅克对此睁一只眼闭一只眼。\n让我们的士兵吃饱、强壮总归是好事。\n没有我的“外快”，大家都会挨饿。
1688	不管怎样，你都得习惯它。\n我今晚就动手——然后回总部房间里庆祝。\n要是你改变主意，欢迎来找我。我们可以一起玩玩。
1689	我是说，你还是想做朋友吧——对吧？\n希望这些危险不会把你吓跑。\n我不是一直都这样的。相信我，[firstname]。
1690	我是说，你还是想做朋友吧——对吧？\n希望这些危险不会把你吓跑。\n我不是一直都这样的。相信我，[firstname]。
1691	哇，你可真直接。\n这种“危险勾当”让你兴奋还是怎么的？\n算了，别回答。至少别在这儿回答。
1692	听着，我不知道你图什么。\n但说实话，我自己也不知道我图什么。\n要是你之后想来拜访我，我们就走着瞧吧。
1693	我在总部的房间又大又奢华。\n我们可以开一瓶酒庆祝我这次大捞一笔。\n我不会承诺更多，行吗？
1694	很好，我很高兴。\n你逮到我了，所以我只好坦白。\n不然的话，我会把这事一直瞒着。
1695	没多少人知道我“真正”在做什么。\n不过，只要你留心，其实也不算太难猜到。\n这只是我在街头混了多年学来的东西。
1696	也许回总部后我会多告诉你一些。\n我会用这次大捞一笔的钱买瓶酒。\n我们可以开瓶畅饮，彼此认识认识。
1697	嗯。有道理。\n不是人人都适合这种事。\n但说实话，我{i}确实{/i}想多了解你一些。
1698	我还是能说服你的。尤其要是你还有回旋的余地。\n这样吧——我会用这次大捞一笔的钱买瓶酒。\n回首总我们可以开瓶畅饮，更好地了解彼此。
1699	他小心地把信件放回各自的信箱。{w}\n他双掌相击，像是要掸去灰尘，然后直视着我。{w}\n他眯起眼睛，几乎像是在“评判”或“估量”我。
1700	我得承认，你和我预想的不太一样。\n这很让人意外，毕竟我通常看人挺准的。\n你知道吗，你会是个很有意思的写作对象。
1701	我耸耸肩，不知该如何回应这种话。
1702	我这下又说太远了，抱歉。\n我们还是按计划来吧。一瓶酒。反抗军总部。\n我有新目标了，大概该走了。
1703	他冲我一笑，一只手搭在我肩上。
1704	能聊这种事的人，我没几个。\n要我说实话，我还挺高兴被你逮到的。\n下次聊天就该轮到你吐露些秘密了，行吗？
1705	他狡黠一笑，慢慢从信箱旁走开。{w}\n我想我现在多了解了一点普洛的真面目。{w}\n但在战时，人大概不得不诉诸这种手段。
1706	达梅克一定只是出于无奈才纵容它。{w}\n我相信战争结束后普洛就会停止这种行为。{w}\n所以与其谴责他，我选择接受他的邀请。
1707	边喝边多了解他，想必挺有意思。{w}\n而且说到底，多交个朋友也没什么坏处。{w}\n我转身回到酒馆，准备进入下一步。
1708	我在乌尔里克身旁坐下，望向他。{w}\n散落的几个空杯说明他已经喝了几杯。{w}\n可他一点也看不出来。完全没有。他镇定自若。
1709	嘿，[firstname]。来陪我喝一杯吗？\n要是你愿意，我可以推荐几款酒。\n你想来点烈的，还是先从不烈的开始？
1710	嘿，[firstname]。来陪我喝一杯吗？\n要是你愿意，我可以推荐几款酒。\n你想来点烈的，还是先从不烈的开始？
1711	完美的选择。\n嘿，酒保，再来一样的。
1712	他朝酒保示意，片刻之后，我面前多了一杯酒。{w}\n我大口喝下、咽下去时，乌尔里克带着坏笑看着我。{w}\n这酒很烈，几乎让我咳出来——但我保持着镇定。
1713	老实说，我以为这对你来说会太烈。\n很高兴知道你扛得住。\n它很烈，但还不到我那个水平。
1714	看来我们得一步步往上爬了。\n别担心，你很快就会达到我的水平。
1715	他朝酒保示意，片刻之后，我面前多了一杯酒。{w}\n我大口喝下、咽下去时，乌尔里克带着坏笑看着我。{w}\n这酒尝起来什么味道都没有，简直是水。说它不烈都算是高估了。
1716	后悔没选更烈的那个吧？\n相信我，我一开始也是这样。\n有时候，你就得一头扎进去。
1717	再来一杯……？\n你想喝什么？
1718	这才对嘛。\n来，我保证你不会后悔。
1719	他再次朝酒保示意，我又得到一杯酒。{w}\n我看得出这杯更烈。和乌尔里克那杯一模一样。{w}\n随着时间流逝，我注意到他开始显出醉意。
1720	我握紧杯子，大口喝下。喉咙火辣辣的。{w}\n我双眼猛地睁大，努力不把它喷出来。{w}\n一番短暂的挣扎，我最终还是咽了下去。
1721	哇，你真行。\n大多数人受不了这玩意儿。\n马泽奥以烈酒闻名。
1722	好吧，一步一步来。\n等等，我给你弄点特别的。
1723	他再次朝酒保示意，我又得到一杯酒。{w}\n这杯泛着红色，像是果酒。也许不至于太糟。{w}\n随着时间流逝，我注意到他开始显出醉意。
1724	我握紧杯子，大口喝下。果味很浓。{w}\n有点辣，但不算太糟。我一饮而尽。{w}\n我把杯子砰地砸在桌上，宣告我的胜利。
1725	好吧，那杯不算什么。\n但就像我说的，一步一步来。\n夜晚才刚开始。
1726	他抱起双臂，面无表情地盯着我。{w}\n但没过多久，他脸上的神情变得更严肃。{w}\n显然，酒劲开始上来了，而且来得很猛。
1727	我想我暂时不逗你了。\n其实，我只是想看看你能喝多少。\n这是个不错的考验，能很好地看人品；而你通过了。
1728	他是在考验我……？
1729	从一个人喝酒的样子能看出很多。\n你很强。至少，你意志坚强。我敬重这一点。\n在阿拉林西亚，这也是他们行事方式的一部分。
1730	我知道我说过我恨它，我确实恨。\n但它的某些文化还是留在了我身上。\n你离开了瓦利诺斯，大概也会一样。
1731	他向酒保招手，酒保又给他端来一杯。{w}\n说实话，他居然还条理清晰，我很惊讶。简直不可思议。{w}\n他一口气灌下，发出一声无比满足的叹息。
1732	抱歉我那样絮絮叨叨。\n要说我讨厌什么，那就是单方面的谈话。\n有什么想问我的吗？现在我就是本摊开的书。
1733	没什么可谈的对象。但这是我自己的选择。\n我更喜欢随性而为，不被束缚。\n我有我的理由，而这样对我一直挺管用。
1734	他冲我一笑，又喝了一大口。
1735	别担心，我当然注意到了你的兴趣。\n所以我才要把话尽量说清楚。\n知道这些之后，你{i}真的{/i}还想继续走下去吗？
1736	很高兴知道，因为我也有同样的兴趣。\n当你活得像我这么久，自然能察觉到这些。\n没必要把这事看得太重。不过是图个乐子。
1737	等我们回到新总部，达梅克会带你四处看看。\n我的门随时敞开。要是你想这样，我会在。\n只是别告诉任何人。你知道流言传得多快。
1738	没关系。人各有不同。\n不过谢谢你这么坦诚。\n那么，我们就只是酒友了？
1739	我没意见。\n我很久没这样了。\n达梅克总是让我到处奔波。
1740	说实话，也没什么更多好说的了。\n我是个夹在两个世界之间的人，这很复杂。\n我们来自哪里的习惯，很难摆脱。
1741	我想是的。\n赢下这场战争后，我们会有很多事要做。\n但让世界变得更好？那也包括瓦利诺斯。
1742	不管怎样，我想我喝够了。\n我要买瓶酒带回我的房间。\n要是你想再喝一杯，欢迎来陪我。
1743	我点头起身，可所有的酒一下子全涌上来。{w}\n我踉跄后退，乌尔里克扶住我，双臂环住我。
1744	嘿，当心脚下。\n这地方的地面可是能摔出真伤来的。
1745	他没有松手，反而任双手在我身上游移。{w}\n我的心跳加快，感到他滚烫的呼吸打在我脖子上。
1746	其实，我想给我的住处多买几瓶。\n我有种感觉，我们会比我想的更有乐子。
1747	片刻之后，在逾越任何界限之前，他放开了我。{w}\n他买了几瓶酒，信守了诺言，然后转而去做别的事。{w}\n他同酒馆里的客人寒暄起来，看来我们的时刻已经过去。
1748	我点头起身，可所有的酒一下子全涌上来。{w}\n我当即踉跄了一下，扶着吧台稳住自己。
1749	嘿，当心脚下。\n这地方的地面可是能摔出真伤来的。
1750	我摇摇头，恢复了清醒。{w}\n乌尔里克怎么能受得了这种酒，对我来说是个谜。{w}\n要赶上他的水平，我还早得很。
1751	乌尔里克说到做到，点了一瓶酒，转身走开。{w}\n他同酒馆里的客人寒暄起来，看来我们的时刻已经过去。{w}\n我深吸几口气，确认头脑清醒后才挪步。
1752	我想我们得把正事重新提上日程了。{w}\n尽管刚才很愉快，我们还有事要办。{w}\n希望将来能有更多像这样放松的时光。
1753	我们跟在达梅克身后，踏上一段似乎没有尽头的旅程。{w}\n不过，走了大约一个小时后，我们来到一片住宅区。{w}\n这里的建筑造得很漂亮，和之前所见大不相同。
1754	哇，这地方看起来太棒了！\n那个城镇广场有点“不对劲”。\n要我说，可算不上最好的第一印象。
1755	住得离集市远，是财富的象征。\n只有{i}干活{/i}的人才住在城镇广场附近。\n一旦你飞黄腾达——就搬到这边来。
1756	当然，除非你对马泽奥很重要。\n格瑞兹因为他的功绩，得以免费住在这里。\n这份优待甚至惠及他的助手莉莉丝。
1757	你是说像我们在瓦利诺斯的长老那样？
1758	对，正是如此。所以务必小心。\n这个区里，几乎人人都算得上贵族。\n至少，他们希望被那样对待。
1759	好吧。谢谢你的提醒，达梅克。
1760	她走到队伍后面，几乎像是有些担忧。{w}\n我们继续走着，但没走多久，达梅克就停下了脚步。
1761	你的右手边——格瑞兹的办公室。\n抱歉花了这么久，但你也知道情况。\n回新总部的路还要更长呢。
1762	他笑着指向近旁的建筑。{w}\n无论品质还是规模，它都在其余建筑中脱颖而出。
1763	该你告诉我们到底怎么回事了。\n我讨厌像这样被蒙在鼓里。你知道的。
1764	当然，当然。你知道我说话算话。\n我只是不喜欢在城镇广场谈这些事。
1765	他掰了掰指关节，像是要准备什么。{w}\n他面带微笑，面向瓦莱莎、福泰姆和我。{w}\n几乎像是他认定乌尔里克和普洛已经了解情况了。
1766	嗯，如你所知，马泽奥海盗横行。\n那样的混乱总需要某种秩序——对吧？\n两名海盗挺身而出，担起了这个重任。亚历克斯和娜达。
1767	统一所有海盗绝非易事，但他们做到了。\n他们建立了贸易航线，拥有世界上最大的舰队。\n我们想跟他们达成协议，弄到一些船。简单，对吧？
1768	我们进攻巴尔泰乌斯时，绝不能留手。\n有足够的船把我们庞大的军队运过去，是必不可少的。\n要是还能让海盗跟我们一起作战？那就更好了。
1769	格瑞兹明确表示他想达成协议。\n为了拉拢他们，我们得顺着他们的意思来。\n然而，得知这一点后，亚历克斯和娜达开始争斗起来。
1770	现在我们得选边站了。\n他们想要的东西各不相同，但都能提供船只。\n这就是我们来的原因。我想他们正在里面等着。
1771	他说话时充满热忱和激情，令人着迷。{w}\n显然，他真心关心阿莱斯蒂亚和它的人民。
1772	马泽奥的未来很可能会改变。真令人兴奋。\n我会跟他们谈判，格瑞兹会颁布必要的法令。\n我只想让我最喜欢的人在场，所以你们都来了。
1773	他笑了笑，转回身面向乌尔里克和普洛。
1774	我想应该没人反对吧？
1775	乌尔里克哼了一声，抱起双臂。
1776	你可把我们的行动规模拔高了不少。\n我还以为我们只打算偷几艘船。\n结果现在你想要整支舰队？什么变了？
1777	要想赢，我们就得全力以赴。\n但记住，事成之后我们还要重塑这个世界。\n跟海盗达成协议，是{i}必须{/i}要做的事。
1778	我是说，我们{i}可以{/i}等战争结束后再说。\n但要是现在就做，我们获胜的机会更大。\n而且人们也需要知道，我们也是有能力统治的人。
1779	有道理。我认输。
1780	乌尔里克笑了，更多权力与武力的许诺勾起了他的好奇。
1781	太妙了，达梅克！\n一招解决十个问题——一如既往。\n我只是很高兴，他们现在能亲眼见识到了。
1782	他指了指瓦莱莎、福泰姆和我。{w}\n说实话，这似乎是稳妥的策略。{w}\n获取军力，{i}还{/i}证明了自己有领导才能。
1783	人们需要知道他值得追随。{w}\n把马泽奥从三人执政团的掌控中解放出来，会是个绝佳的开端。{w}\n所幸格瑞兹站在我们这边。不然这根本不可能。
1784	嗯，我想时候到了。\n我有点紧张，但我能应付。
1785	他匆匆一笑，动身走了进去。{w}\n普洛和乌尔里克也跟了进去，等着我们也跟上。
1786	天哪，这周围可真够忙的。\n希望到了总部能让我们歇歇。
1787	别这样，福泰姆，这多有意思。\n我们正在见证历史的发生。
1788	要是它算历史，那总会写进书里。\n我干脆睡一觉，醒了再读就是了。
1789	他们一边交谈一边走进格瑞兹的宅邸。{w}\n我想我该赶紧进去，免得错过什么。
1790	指示牌指向四面八方。{w}\n上面标着“城镇广场”和“住宅区”之类的字样。{w}\n还有几个写着“码头”和“三人执政团教堂”。
1791	看来在马泽奥辨认方向很容易。{w}\n反抗军总部似乎在反方向。{w}\n据我了解，它就位于教堂下方的隧道里。
1792	可是偷用三人执政团教堂底下的隧道？{w}\n这在我看来风险大得离谱。{w}\n不过我相信达梅克清楚自己在做什么。
1793	格瑞兹的宅邸比其他的气派得多。{w}\n高度相当，但宽度足足是别人的两倍。{w}\n里面想必有大把空地方。
1794	住宅区似乎绵延无尽。{w}\n但这里一片平坦，不像瓦利诺斯那样有高低起伏。{w}\n在家乡，社会地位由你住得多高决定。
1795	长老住在最顶端，因为他是最重要的人。{w}\n我分到的房子紧邻主街，走到迈勒斯家很方便。{w}\n不知道马泽奥的社会地位是怎么定的。也许我该问问达梅克。
1796	格瑞兹的宅邸旁边有棵巨大的树。{w}\n在最顶端，我能看到长出了一些苹果。{w}\n也许就是福泰姆爱吃的那些？
1797	无论如何，它们看起来都照料得很好、很新鲜。{w}\n也许这也是格瑞兹钟爱的食物。
1798	我走进格瑞兹的宅邸时，被它的宏大吓了一跳。{w}\n前门附近有个前台，大概是给他助手用的。{w}\n但前台后面是个巨大的中庭，有楼梯通往楼上。
1799	我敢打赌格瑞兹的办公室就在楼梯顶端。{w}\n我环顾四周，发现达梅克、乌尔里克和普洛正在跟一个女人交谈。{w}\n这一定就是达梅克先前提到的那位助手。
1800	她注意到我进来后，快步走向我们。{w}\n瓦莱莎和福泰姆退到我身后，把场面交给我。{w}\n我上前一步，毫不犹豫地向她自我介绍。
1801	我听过太多关于你的事了，[firstname]。\n终于能亲自见到你，真高兴。
1802	我听过太多关于你的事了，[firstname]。\n终于能亲自见到你，真高兴。
1803	她伸出手，我同她有力地握了握手。{w}\n因为她非常友善，瓦莱莎和福泰姆立刻放松下来。{w}\n有那么一瞬，我不太确定他们原本期待的是什么。
1804	我猜那就是出埃及之刃？
1805	她朝我背后偏了偏头。
1806	顺便说，你在这儿可以把斗篷脱掉。\n这间办公室里的人都知道是怎么回事。\n在格瑞兹和我面前，不必藏着掖着。
1807	我点点头，摘下头上临时充当兜帽的东西。{w}\n我第一次感到马泽奥清新的空气拂过面庞。
1808	回来跟我们其他人待在一起吧，好吗？\n我想他们差不多准备好上楼了。
1809	她指了指中庭的主休息区。{w}\n我们走过她的桌子，那几乎像是一道屏障。{w}\n我猜她也兼任格瑞兹的守卫，负责放哨。
1810	片刻之后，我们和其余人会合。{w}\n他们正彼此交谈，但莉莉丝终止了这一切。{w}\n她非常响亮地拍了一下手，吸引了他们的注意。
1811	抱歉，莉莉丝。\n眼下要操心的事太多了。\n老实说，我几乎有点不敢走上去。
1812	没必要紧张，达梅克。\n这跟你上次来不会有什么不同。\n不过是多了几个人罢了。又不是天塌下来。
1813	我只是不想做出错误的选择。\n这件事关系重大，莉莉丝。
1814	你过去做过错误的选择吗……？
1815	嗯，我想没有……
1816	那你就会没事的。\n再说，亚历克斯和娜达也没那么糟。\n他们俩都是为了得到想要的才肯配合。
1817	这意味着他们必须表现得{i}最好{/i}。\n所以，要是与海盗共处一室让你担心——
1818	哦不，完全不是那样。\n我非常乐意跟海盗合作。\n不过你说得对。我的过往记录一向不错。
1819	他干笑一声，然后抬头望向楼梯顶端。
1820	我想这样也就够了。\n他们准备好了吗……？
1821	嗯。他们在等你们所有人。\n可能会有点挤，但你们能应付。
1822	你有没有碰巧听到些什么？\n你知道的，免得我两眼一抹黑地进去。
1823	很遗憾，没有。\n他们{i}非常{/i}谨慎。
1824	算了，试试也无妨。\n我想终于该做了。\n大家准备好了吗？
1825	他逐一看着我们每个人，我们纷纷点头。{w}\n我看得出他在设法拖延，但我不清楚为什么。
1826	你们结束后，格瑞兹会向我做个简报。\n我知道你们忙，所以这之后就直接上路吧。\n要做的事很多，时间却很少，对吧？
1827	她瞥了我一眼，又看了看我背上的剑，然后走开了。{w}\n看来这趟“顺路”根本快不了。{w}\n在这场谈判中，一切都可能改变。
1828	但愿达梅克能拿到他需要的东西。{w}\n我只希望海盗的条件别太离谱。{w}\n占据优势的他们，有权提出任何要求。
1829	我们全都望向楼梯顶端，准备好让事情推进。{w}\n这对达梅克和反抗军来说，会是极其重要的时刻。{w}\n为此，我们不该让格瑞兹等太久。
1830	那就是通往格瑞兹办公室的门。{w}\n要我说，这景象挺有戏剧性的。{w}\n这确实让他显得很有分量。
1831	楼梯下方放着某种装置。{w}\n要我猜，那是一座代表灵偶的雕像。{w}\n上面刻着艺术家的名字和日期。一定价值不菲。
1832	重要的文件散落在桌上。{w}\n偷看不是我的事，但好奇心占据了我。{w}\n我慢慢走近桌子，尽力辨认能看清的内容。
1833	似乎是一堆关于即将到来的货运的文件。{w}\n是格瑞兹与马泽奥航运公司之间的往来信件。{w}\n那些文件下面，是格瑞兹与三人执政团之间的信件。
1834	嘿，离那儿远点！\n那些文件不是给你看的。\n那是最高机密，只有市长才能看！
1835	那为什么把它们就那么摊在外面……？{w}\n我还没来得及多想，她就把它们收起来拿走了。{w}\n她到处跑来跑去。莉莉丝一定是个大忙人。
1836	嘿，莉莉丝……？
1837	怎么了？
1838	马泽奥有图书馆吗？\n就是，能查阅关于灵体的资料的地方？\n我有些东西想查一查。
1839	很遗憾，没有。\n三人执政团很久以前就把那些都收缴了。\n有传言说，他们把那些全都塞进了巴尔泰乌斯。
1840	你是说在大图书馆？
1841	对。但我也不确定。\n到现在这都只是古老的传言。
1842	古老的……？
1843	确实有一群人这么说。\n他们认为在三人执政团之前，阿莱斯蒂亚上就有生命存在。\n他们掌权时，就把所有反过来说的文献都偷走了。
1844	那不可能。
1845	嘿，我可没说他们是个{i}聪明{/i}的群体。\n但也没人去过那大图书馆一探究竟。\n三人执政团对巴尔泰乌斯的掌控太严密了。
1846	所以他们无法证明自己的理论……\n但与此同时，我们也无法{i}反驳{/i}它们。
1847	正是。\n除非你去那大图书馆看看。\n你们{i}确实{/i}要去巴尔泰乌斯，对吧？
1848	那是最终目标，没错。
1849	那也许我们很快就能弄清楚了。\n不管那里面藏着什么知识？我们都有权知道。\n我相信战争结束后，达梅克会向所有人敞开它的大门。
1850	你站在谁那边，莉莉丝？
1851	你什么意思？\n是说——亚历克斯和娜达之间？
1852	对，那些海盗。\n我只是好奇而已。
1853	嗯，我不知道他们的条件。\n那会对我的选择起很大作用。\n可即便如此，也轮不到我来决定。
1854	哦，我不是要你来决定。\n只是假设性地问问。
1855	嗯……
1856	嘿，慢慢想！\n毕竟这决定不容易做。
1857	亚历克斯。毫无疑问。
1858	或者你也可以秒答……\n但为什么是亚历克斯？他哪里更好？
1859	他尊重我，就是这样。\n至于娜达，那就是另一回事了。\n在我看来——人有两种。
1860	一种是把别人当作成功的垫脚石。\n另一种是尊重他人，一起爬上顶峰。\n娜达是前者，亚历克斯是后者。她心狠手辣。
1861	除了格瑞兹，她几乎出卖过所有人。\n要是连他也被出卖，相信我，我一点都不会意外。
1862	那我们怎么知道能相信她？
1863	嗯，她和亚历克斯在谈判中占优势。\n他们手里有{i}我们{/i}想要的东西，所以能随意开价。\n我毫不怀疑娜达会试图攫取权力和影响力。
1864	这些正是她往常会为此背后捅刀的东西。\n但现在她有机会仅靠{i}帮助{/i}格瑞兹就能得到。
1865	哦，我想这说得通。\n她参与进来只是为了得到她想要的。
1866	对。那亚历克斯呢……？\n我相信他的条件受益的不只是他自己。\n他就是那种人——所以我更喜欢他。
1867	好！谢谢你的情报！
1868	不客气，小家伙。
1869	这是一本关于马泽奥海盗现状的书。
1870	有本书摊开在桌上。{w}\n似乎是一篇新闻报道，而且是最近写的。{w}\n我凑近细看，得知它详细讲述了马泽奥的海盗情况。
1871	我想事情比我以为的要复杂。{w}\n亚历克斯几乎像是在为更多权利而战。{w}\n把两派分开的，就只是一张纸？
1872	我们一同走进办公室，里面所有人都盯着我们。{w}\n说来奇怪，可乍一看，我就能准确认出每个人是谁。{w}\n娜达上前几步，脸上挂着狡黠的坏笑。
1873	迟到了，是吧？\n很高兴知道你的话还算可信。\n又不是说这件事有多重要，或者什么的。
1874	这明显是挑衅，而达梅克完全不接招。{w}\n他反而回以一笑，走向格瑞兹和那些海盗。
1875	其实，这场会议要等{i}我{/i}到了才开始。\n所以，娜达，你其实来早了。真是听话。\n比你传闻中要软一些，不过我不计较。
1876	她憋了半天想找句话反击，最后只是耸了耸肩。{w}\n达梅克走向格瑞兹的桌子，招手让我们都过去。{w}\n没过多久，我们就全挤在了一起。
1877	格瑞兹，我想向你介绍[firstname]。
1878	格瑞兹，我想向你介绍[firstname]。
1879	我上前一步，向格瑞兹伸出手。{w}\n他从椅子上起身，有力地握了握我的手。
1880	见到你是我的荣幸，[firstname]。\n那两位一定是你的朋友吧？
1881	见到你是我的荣幸，[firstname]。\n那两位一定是你的朋友吧？
1882	他看向瓦莱莎和福泰姆，我点了点头。
1883	我说，你们三个以前来过马泽奥吗？\n我说不上来，但你们看着眼熟。
1884	我摇摇头，他随即回到椅子上。{w}\n他逐一看着我们每个人，长叹一声。
1885	算了。反正也不重要。\n感谢各位来到我的办公室。\n今天我们讨论达梅克与海盗的事。
1886	你有什么给我的，格瑞兹？\n他们的条件想必已经摆在桌上了吧？
1887	是的，当然。我让他们私下各自写下条件。\n我不想让他们互相影响，往某个特定方向偏。
1888	他指向桌上放着的两张纸。{w}\n它们被扣着放，好让谁也读不到。
1889	接下来是这样进行的。\n两名海盗都不知道哪张纸是自己的。\n达梅克，你和你的盟友要分别阅读两份。
1890	之后，每名海盗要当众说明自己的条件。\n这是为了确保他们没有贪心，或者改了主意。\n我们还需要一些见证人，所以我让你带几个朋友来。
1891	到那时，达梅克可以与盟友商议。\n一旦做出决定，我们双方将在选中的条件上签字。\n为避免冲突，两名海盗都不会知道谁被选中了。
1892	等所有人离开后，这些条件将被寄回。\n今天收到签字纸张的那名海盗，就会知道自己被选中了。\n在我的地盘上，没时间搞什么闹剧或内斗。明白吗？
1893	我明白。
1894	达梅克看向娜达和亚历克斯，等待他们的认可。
1895	嗯，我明白。
1896	我也是。
1897	达梅克双手按在桌上，审视着那些文件。{w}\n但在采取任何行动之前，他转头看向我。
1898	[firstname]，我想听听你的意见。\n你对艰难的决定并不陌生，对吧？
1899	[firstname]，我想听听你的意见。\n你对艰难的决定并不陌生，对吧？
1900	而且据我所闻，我们有些共同的看法。\n从你这样的人那里得到第二意见，总没坏处。
1901	我想看看你对这类事是怎么想的。\n你留下佩雷格里诺，一定有你的理由，对吧？\n我想看看你的“思路”，找不到更合适的说法。
1902	我点点头，走到桌边，站在他身旁。{w}\n我们犹豫地低头盯着那两张纸。
1903	你们可以开始第一阶段了。\n保持安静，读完这些文件。
1904	片刻之后，达梅克拿起其中一张纸。{w}\n他向我凑近，慢慢把它翻过来。
1905	是亚历克斯的条件。
1906	他希望解除对马泽奥的贸易禁令。{w}\n若此事办成，所有海盗必须获得马泽奥航运公司的工作机会。{w}\n海盗将不复存在，马泽奥将变成一个“自由贸易”的国度。
1907	作为交换，他能提供站在他这边那些人的船只和船员。{w}\n这约占马泽奥海盗总数的百分之三十五。{w}\n他无法保证娜达的追随者会对这一变动作何反应。
1908	达梅克把纸扣下，迅速拿起另一张。{w}\n他面无表情，摆出一副完美的扑克脸。{w}\n把纸翻过来，该看另一半了。
1909	是娜达的条件。
1910	她希望马泽奥一分为二。{w}\n若此事办成，所有海盗都将迁往一个新国家，不再妨碍马泽奥。{w}\n当然，她必须被宣布为这个新海盗国家的首领。
1911	此外，她的条件还包括关于马泽奥划分的更多细节。{w}\n其划分方式让双方获得同等的市场与居住空间。{w}\n这些目前都归马泽奥所有，因此会对这个国家造成不利影响。
1912	作为交换，她能提供马泽奥海盗总数约百分之六十五的力量。{w}\n其中包含庞大的舰船武备，让亚历克斯的条件显得微不足道。{w}\n两份条件有一个共同点：海盗的犯罪记录都将被抹去。
1913	达梅克把第二张纸扣下，耸了耸肩。
1914	那我想就这样了？
1915	格瑞兹点点头。
1916	确实，我们可以进入第二阶段了。\n亚历克斯、娜达，轮到你们上前了。\n你们口头陈述的条件必须与文件一致。
1917	听到格瑞兹的命令，两人都上前一步。{w}\n这整套流程考虑得极其周密。{w}\n任何环节都没有出错的余地。
1918	我的条件其实很简单。\n所有海盗的犯罪记录都将被抹去。\n此外，对马泽奥的贸易禁令将被解除。
1919	海盗将被公开赦免，不再遭受排斥。\n他们将获得马泽奥航运公司内的工作机会。\n我们的客户、货物和贸易航线也将一并延续。
1920	这将让我们重新融入社会，让我们所有的努力变得名正言顺。\n马泽奥将重获自由，一如往昔，也一如它{i}本该{/i}的样子。\n作为交换，我献上马泽奥百分之三十五的海盗和他们的船只。
1921	他后退几步，抱起双臂。{w}\n娜达哼了一声，然后说出了她的条件。
1922	我能献上另外的{i}六十五{/i}个百分点。\n我想这让我比亚历克斯高出一筹。
1923	这话果然让屋里其他人有了反应。{w}\n不过，我们不能被数字冲昏头脑。{w}\n我们决定的是马泽奥的未来。
1924	我也要求抹去所有犯罪记录。\n不过，我其他的条件要激进一些。\n我要马泽奥一分为二。我要一个新国家诞生。
1925	所有海盗都将迁往这个新国家，由{i}我{/i}来领导。\n马泽奥再也不能干涉我们的营生。\n国家从何处一分为二，由我来定。
1926	我要住宅用地，{i}也要{/i}商业用地。\n我们要得到幸福生活所需的一切。\n这就是我的条件。一个为海盗而建的新国家。
1927	她后退一步，对自己的话很满意。{w}\n格瑞兹再次转身面向达梅克和我。
1928	这与纸上的条件一致吗？
1929	是的，我想是一致的。\n下一步是什么来着？
1930	你们可以花点时间考虑。\n跟你的盟友商议，然后给我答复。
1931	哦，对。抱歉，我脑子里一团乱。\n不需要再考虑了，我已经有答案了。
1932	哦，是吗……？
1933	对，当然。\n这个选择对我来说很简单。
1934	他抱起双臂，转身面向我。
1935	你呢……？\n你会选谁？
1936	我指向那张写有亚历克斯条件的纸。{w}\n达梅克笑了，然后朝我咧嘴一笑。
1937	我指向那张写有娜达条件的纸。{w}\n达梅克笑了，然后朝我咧嘴一笑。
1938	我想英雄所见略同。\n很高兴知道我们想法一致。\n我们签这一份吧，格瑞兹。这是我最终的选择。
1939	他指向同一张纸，格瑞兹取出一支羽毛笔。{w}\n他们毫不耽搁地签了字，使其成为正式法令。{w}\n之后，格瑞兹把两份纸都卷起来，用蜡封好。
1940	娜达、亚历克斯，感谢你们两位的慷慨条件。\n我会立刻把这两份寄回给你们。\n我相信，几小时内你们就会知道结果。
1941	我没意见。
1942	这一份就跟到手了一样。
1943	说完最后的话，两人都离开了。{w}\n一阵尴尬的沉默笼罩了房间。
1944	你们现在可以随便说话了。\n我们只是不想让亚历克斯和娜达知道达梅克的选择。
1945	听到这话，大家都放松下来。{w}\n他们彼此交谈，猜测我们选了谁。
1946	那么，达梅克？
1947	你选了谁！？
1948	哦，你们很快就会知道了。\n各位，抱歉绕了这么一小段路。\n我们现在可以回总部了。
1949	不过我想我们该从码头穿过去。\n那儿人多，但是条不错的近路。\n我们进度已经落后了。
1950	他朝普洛冷笑一下，普洛立刻缩了回去。{w}\n乌尔里克也领会了意思，不再追问。
1951	希望你得偿所愿，达梅克。\n进攻巴尔泰乌斯绝非易事。
1952	我们会没事的，格瑞兹。\n我相信这里的事你能处理好？
1953	当然。但可能会招来一些怨恨。\n要是亚历克斯或娜达怒气冲冲地来找你，别意外。
1954	当然。\n太感谢你了，格瑞兹。\n没有你我们办不成这事。
1955	别客气。\n只要确保我不会后悔就行。\n跟三人执政团作对可不是{i}好{/i}主意。
1956	你不会的，我保证。\n不过失陪了，我们得走了。\n毕竟我还得带他们好好参观一番。
1957	格瑞兹点点头，看来我们可以告退了。{w}\n我想我们的下一步是前往码头。{w}\n达梅克对这趟参观显然很兴奋。{w}
1958	好了，我们走。\n我会回总部宣布消息。\n我们有了新盟友，还有了强大得多的力量。
1959	他把握紧的拳头抵在胸前，神情坚定。
1960	我们一定能做成。我知道。
1961	就这样，该动身了。{w}\n我终于要开始训练，并一睹反抗军的新总部。
1962	格瑞兹的桌子让我想起迈勒斯那儿。{w}\n乱是乱，但他仍然掌控得住。{w}\n每样东西都在该在的位置，运转良好。
1963	地上堆着海量的文件。{w}\n我凑近查看，日期全是今天。{w}\n格瑞兹的工作真有{i}那么{/i}忙吗！？哇。
1964	我看向福泰姆，他在发抖。{w}\n我看得出这片凌乱让他难受。{w}\n但他也知道自己不能碰。
1965	格瑞兹的办公室似乎俯瞰着马泽奥码头。{w}\n一个巨大的造船厂，停满令人印象深刻的船只。{w}\n我看到人们正在往船上装货，准备发运。
1966	我纳闷他怎么能在这般喧闹的地方工作。{w}\n那里毫无放慢的迹象，忙得不可开交。{w}\n我们接下来就要去那儿，我迫不及待。
1967	我正要查看书架，格瑞兹立刻制止了我。
1968	嘿，别碰那些东西。\n你知道，这是我的办公室。
1969	他抱起双臂，我从书架旁退开。{w}\n我有种感觉，我可不想惹上他。
1970	这是一张阿莱斯蒂亚的地图。{w}\n上面的一切我都看得到：{w}\n瓦利诺斯、马泽奥、阿拉林西亚，还有巴尔泰乌斯。
1971	只有西部仍是未标注之地。{w}\n凶猛的暴风雨和狂暴的海域横亘其间。{w}\n不过，那外面不太可能有什么东西。
1972	嘿，格瑞兹？
1973	什么事？
1974	你脖子上那只羊是怎么回事？
1975	哦，你说的是拉西特？
1976	大概吧……？
1977	我年轻时当过牧羊人。\n但没过多久，我就去为三人执政团效力了。\n他们逼我杀光了我所有的羊，才肯接纳我。
1978	什么！？
1979	我猜是为了证明我自己。\n你知道，证明我会抛下过去的生活。\n我照他们说的做了，但我留下了一件纪念品。
1980	哦，我明白了……
1981	记住自己从何而来，永远很重要。\n你从瓦利诺斯带什么纪念品来了吗？
1982	其实，没有……\n除非我的衣服算得上。
1983	那得看问的是谁。
1984	但你知道，我其实并没有抛下瓦利诺斯！\n我们会救下它，总有一天会回去。我知道……\n这是我们这趟旅程的目标之一。
1985	我明白了……
1986	警告：前往战争之桌将开启第三幕。\n第三幕是一长串过场动画，没有任何支线内容。\n请务必预留充足时间观看。
1987	你让格瑞兹得到了他的救赎。
1988	你亲自汲取了灵偶的力量。
1989	你利用灵性能量创造了君主容器。
1990	你利用灵性能量创造了人造先知。
1991	你任命豪尔为君主顾问。
1992	你任命达梅克为君主顾问。
1993	我们进门之后，花了几分钟向下走入黑暗。{w}\n不过很快，我们来到一处有火把照亮的地方。{w}\n火把似乎标出了一条笔直向前的路。就是这里了。
1994	哇，好黑啊！\n我连自己要往哪儿走都看不见。
1995	等几分钟就好。你的眼睛会适应的。\n我还记得第一次来这儿，我吓坏了。
1996	他背靠着墙，等待着。{w}\n我们都照做，原地等着直到能看清东西。
1997	火把能帮的有限。\n我们把大部分火把都放在真正的总部了。\n基本上，我们把它们放在这儿只是为了——
1998	他打住话头，望向隧道更深处。
1999	所有人，安静。\n背靠墙。快。
2000	我们照做，我注意到一股恐惧的气息笼罩了我们。{w}\n我盯着隧道深处，看见一副铠甲开始浮现。{w}\n白色与金色，正如我幻象中所见。它迈着缓慢笨重的步子。
