chunk	seq	level	category	issue	fix
dialogue_0001	331	A	错译	“据说”误译 Apparently，与刚读到的书证不符	看来，他还窝藏了一把剑……？
dialogue_0002	555	A	术语/专名	spirits 译作“灵体”，与基准“灵”不一致，本篇多处出现	统一改为“灵”（558/600/601/716/749/754/765 同）
dialogue_0002	592	A	术语/专名	spiritual energy 译“灵力”，与454/462/463“灵性力量”不一致	全篇统一为一种译法（建议“灵力”）
dialogue_0003	1196	A	标点/占位符	译文第 2 句写成**真实换行**，把 TSV 拆成两物理行（第399行"而且听起来超吵。一直是这样吗？"），该行 `\n`=0/1，解析时第 2 句会丢	合并为单行：`哇，里面好多人……！\n而且听起来超吵。一直是这样吗？`（"而且…"现位于下一行，并回即可，勿重复添加；改完全文件应为 403→402 行）
dialogue_0003	939	A	术语/专名	它顺应持刃者的意志与 895/896"持剑者"不一致（terms: blade=剑，刃为禁用变体）	它顺应持剑者的意志。这一点确实不假。
dialogue_0004	1503	A	错译	“要是合法的买不到”把原文“若它不合法”译偏，条件错位	改“就算它不合法，海盗也能替你弄来。”
dialogue_0005	1636	A	错译	“你当之无愧”与上句“放松”接不上，荣誉用法落空	改“不是要催你休息什么的，你确实该好好歇歇”（1637同句）
dialogue_0005	1671	A	错译	“确实”对译“could”，试探语气被改成肯定	改“我想这{i}或许{/i}能让事情轻松些”
dialogue_0006	2018	A	术语/专名	灵能量与2211处"灵力"指同一原文词，译法不一	改为"它们完全由灵力驱动"
dialogue_0006	2205	A	错译	kept it under wraps意为保密，误作"原样封存"	改"我一直把它严实收着"
dialogue_0006	2307	A	术语/专名	灵体与全篇基准"灵"（spirit）不一致	改"就是，能查阅关于灵的资料的地方？"
dialogue_0008	2985	A	称谓	豪尔对君主用"你"（2985/2991/2992/2994/2999/3001），另 4 处用"您"	六处"你"改"您"：2985"我们料到您也会这么说"、2991"您为什么说…"、2992"我们也看见您这么说"、2994"让您知道…您也是这样"、2999"若您肯赏脸"、3001"您仍与他日渐亲近"（characters.md 硬约束：豪尔对君主禁用"你"）
dialogue_0009	3480/3481	A	错译	我们将因[firstname]而改变成了"我们因他而改变"，未译出改变局面	改"而这，有[firstname]在，我们必将它改变"
dialogue_0009	3524	A	错译	没有任何危险被放过与原意相反，原文是尽在预见、无偶然	改"一切危险都逃不过我们的预见。没有"偶然""
dialogue_0011	4103	A	错译	got caught指猝不及防，误作"被抓住了"	改"他悲伤是因为他猝不及防，肖恩"
dialogue_0011	4149	A	错译	keep to myself译成"管好自己"，失保密义	改"你只要这么做——我就答应守口如瓶"
dialogue_0011	4219	A	术语/专名	萨卢斯与人名基准"萨鲁斯"不一致	人名改为"萨鲁斯"
dialogue_0011	4328	A	术语/专名	suits of armor 译作"铠甲"，基准为"空甲"	那些铠甲也会随之崩解改"那些空甲也会随之崩解"
dialogue_0011	4341	A	术语/专名	suits of armor 译作"铠甲"，基准为"空甲"	改"那些空甲也会随之崩解"
dialogue_0011	4343	A	术语/专名	suits of armor 译作"铠甲"，基准为"空甲"	改"那些空甲也会随之崩解"
dialogue_0012	4496	A	术语/专名	先到的人能多杀几具铠甲，与全篇"空甲"不一	嘿——先到的人能多杀几架空甲。
dialogue_0012	4698	A	术语/专名	挡住一整群铠甲兵，全篇基准为"空甲"	我们不能指望他一个人挡住一整群空甲。
dialogue_0012	4730	A	错译	复述各自被分配的任务，going over＝核对/商议	我能听见大家在交谈——各自核对分派的任务。
dialogue_0012	4772	A	术语/专名	一大群荣誉卫队铠甲兵走过，应作"空甲"	他说完后，我们看到一大群荣誉卫队的空甲走过。
dialogue_0013	4896/4904/4919	A	术语/专名	Baltean 译作“巴尔泰”，与专名“巴尔泰乌斯”不一致	统一改为“巴尔泰乌斯的土地”“巴尔泰乌斯的空气”
dialogue_0013	4904	A	错译	“尤其是用在一个据点上”不通，丢失“以……换取”义	条件相当不错，何况还换来了一个据点
dialogue_0013	4911	A	标点/占位符	三行行尾各多一个]，共多3个右方括号，与英文不符	[[你可以与每一位{i}忠诚{/i}的同伴共度最后的独处时光。]\n[[准备好推进剧情时，点击右上角的箭头。]\n[[请注意，这样做将开始最终决战，并导向游戏的结局。]
dialogue_0014	5332	A	错译	这是他第一场真正的战斗。他第一次杀人（杀的是空甲）	他缓缓将它放到地上。这是他第一场真正的战斗，也是他第一次亲手杀敌。
dialogue_0014	5439	A	错译	从未见过有人双手使剑能有这般优雅（原文 two swords）	我从未见过有人双剑并用能有这般优雅。（与 5233"双剑并用"统一）
dialogue_0014	5559	A	错译	上次见到肖恩时，他想杀了自己（"自己"读作自杀）	上次见到肖恩时，是肖恩想杀他，而且几乎得手。
dialogue_0014	5588	A	漏译	看到这一幕，比任何伤口都更让他心痛（丢人名）	看到这一幕，达梅克心口的痛，胜过任何一处伤口。
dialogue_0015	5750	A	错译	那尊灵像开始腐化，并夺走巴尔泰乌斯的生机缺宾语，读成灵像自身腐化	那尊灵像开始侵蚀巴尔泰乌斯，夺走它的生机。
dialogue_0015	5807	A	称谓	豪尔对君主说"但你还活着"用"你"，违反 characters.md 硬约束	但您还活着。
dialogue_0016	6054	A	术语/专名	Salus 译作"萨鲁斯"，与 6053、6226 的"萨卢斯"不一致	统一为"萨卢斯"
dialogue_0016	6227	A	术语/专名	Salus 译作"萨鲁斯"，与 6053、6226 的"萨卢斯"不一致	改为"萨卢斯"（全篇一人一名）
dialogue_0017	6769	A	称谓	豪尔对君主[firstname]用"你"（6770/6773/6776 同）	我们认为您做了错误的选择；6770"可您却决定"；6773"您做了正确的选择"；6776"谢谢您征询…/与您交谈"
dialogue_0018	6849	A	术语/专名	大写头衔 Leader 译"领袖"，与 seq 7095"首领"不一致	改"是啊，只要干掉首领就行了，对吧？"
dialogue_0018	6850	A	错译	knowledge 误作"情报"，与下句"你记得我教的课"不符	改"最好的武器就是见识，对吧？"
dialogue_0018	6939	A	术语/专名	The Monarchy 译作"王朝"，与本篇"旧王室"不一致	改"旧王室用他们的力量治愈了我，救了我一命"
dialogue_0019	7582	A	称谓	豪尔对含君主的众人说"你们所有人"，未守您/君主硬约束	第三句改"这趟旅程似乎正在改变诸位的价值观"
dialogue_0020	7602	A	错译	「剑没有刺穿他的手」与上文匕首矛盾，凭空多出一把剑	改「没有刺穿他的手，反而整个缩进了匕首的握柄里」
dialogue_0020	7699	A	术语/专名	译作「萨卢斯」，与人名基准「萨鲁斯」不一致	改「他们为达梅克和萨鲁斯效力了几十年」
dialogue_0020	7801	A	称谓	豪尔对君主用「你」，7900/7901/7933 同，违反敬语硬约束	对[firstname]处「你」统一改「您」（7987 已用「您」）
dialogue_0020	7934	A	错译	指代活人造物用「它们」，与 7927「他们」不一致	两处「它们」均改「他们」
dialogue_0020	7950	A	术语/专名	译作「萨卢斯」，与人名基准「萨鲁斯」不一致	改「但那不是萨鲁斯，对吧」
dialogue_0020	7954	A	术语/专名	译作「萨卢斯」，与人名基准「萨鲁斯」不一致	改「问问萨鲁斯——我是说豪尔」
dialogue_0021	8162	A	标点/占位符	三行译文写成真实换行，`\n` 丢失、记录断成 3 行，后两行溢出	合并为单行 target：`我们不能变成我们想要推翻的敌人。\n你的想法需要重新审视，达梅克。\n你或许会说"为达目的不择手段"，但三人执政团也是这么想的。`
dialogue_0021	8168	A	称谓	豪尔对君主用"不像你想象的／你们准备好"	这具身体不像您想象的那样运作。\n我们不需要水，也不会昏倒。\n您准备好继续时，我们就出发。
dialogue_0021	8234	A	称谓	豪尔对君主说"也许你的部下只是需要时间适应"	也许您的部下只是需要时间适应。
dialogue_0021	8247	A	错译	Without their choice…他们的选择丢了"君主"所指	若不是君主当初的抉择，我们就无法活着战斗。
dialogue_0022	8473	A	错译	我也参与了对他们的定罪，condemn此处非"定罪"	改"我也难辞其咎——是我把他们逼进了这场战争"
dialogue_0022	8594	A	错译	他喝过酒后开放活泼得多，open误作"开放"致歧义	改"他喝过酒后要开朗健谈得多"
dialogue_0022	8609	A	错译	这样你才不会蒙蔽缺宾语语义反；ego误作"自尊"	改"这样才不会被蒙蔽、凭意气行事"
dialogue_0022	8694	A	错译	瓦利诺斯将来会重新安置主宾不通，resettle指人	改"我相信将来人们会重新搬回瓦利诺斯"
dialogue_0022	8716	A	错译	只有瓦莱莎觉得尴尬，makes it awkward是"把局面弄僵"	改"只有瓦莱莎非要把它弄尴尬，才尴尬！"
dialogue_0023	8875	A	错译	“她们都看着我”含福泰姆（男），性别错	改：他们都看着我，似乎并不明白。
dialogue_0023	8896	A	术语/专名	Seeress 译“女先知”，违背基准“先知”	改：瓦利诺斯最后的先知（8909 同）
dialogue_0024	9426	A	错译	“是用在……时留下的”句式杂糅，语义不通	它们是突袭三人执政团时用过的。
dialogue_0024	9430	A	术语/专名	残留英文缩写“PB”，未按专名本地化	他们甚至开始简称它为“佩吧”。
dialogue_0024	9431	A	术语/专名	残留英文“PB”，与9430同	“佩吧”……？这名字真怪。
dialogue_0024	9487	A	错译	“首当其冲”误用：最先受难≠首要	但当务之急是——我们需要重新与众灵建立联系。
dialogue_0025	9888	A	术语/专名	城镇广场与他处"Town Square→中央广场"不一致	统一改为「中央广场」
dialogue_0025	9900	A	术语/专名	与9623同一英文串译法不一致（"目前无法访问此内容"）	统一为「此时无法访问内容。」
dialogue_0026	10007	A	错译	“她们相视一笑”误含男性福泰姆，性别指代错	改为“他们相视一笑”（或“两人相视一笑”）
dialogue_0026	10015	A	错译	“她们俩都看着我”含男性福泰姆，性别指代错	改为“他们俩都看着我”
images_booknotes	b0001.png	A	错译	真相让我震惊不已，而我还有我必须向任何人述说的东西（原文 I have yet to tell anybody＝还从未告诉任何人，意思相反）	改「真相令我震惊，而这件事我还从未对任何人提起」
images_booknotes	b0001.png	A	术语/专名	他们交给了我一把刀（terms.tsv：blade→剑，此处非 Exodus 专名）；"他们会派一支小队前来／这支小队"（原文 an envoy＝使者，单人误作"小队"，两处）	分别改「交给了我一把剑」「会派一名使者前来／这位使者迟早会来」
images_booknotes	b0002.png	A	术语/专名	图内作「阿莱斯提亚」（b0002 标题及 b0002/b0004/b0007/b0008/b0010/b0012/b0017 正文），基准「阿莱斯蒂亚」（README、script.rpy、fixups.tsv、书目 A2 均作蒂）	各图全部改「阿莱斯蒂亚」
images_booknotes	b0002.png	A	术语/专名	署名「——阿尔古斯·维耶尔」，正文 script.rpy 作「阿尔古斯·维勒尔」(43591/43615)、「阿尔古斯·维勒」(5251)，与图不一致	图与正文统一为同一种译名（建议先定正文基准再改图）
images_booknotes	b0003.png	A	错译	最近，瓦利诺斯赋予书记官他们自己的守护之责（原文 has given the Scribe their own protege＝门徒/接班人，是人不是职责，后句"有人必须接手"因此断裂）	改「瓦利诺斯给书记官配了自己的门徒——以备不测时有人接班」
images_booknotes	b0003.png、b0004.png、b0005.png、b0008.png、b0011.png、b0012.png、b0013.png、b0016.png	A	术语/专名	图题与游戏书目清单（script.rpy 25663–25687）不一致：论书记官与幻象→论书记官与预视、灵体影响的真相→灵的真正影响力、幻象与画作→预视与画作、瓦利诺斯的先知传承→瓦利诺斯的先知血脉、阿拉林西亚的内战→阿拉林西亚的内乱、海盗界限的模糊地带→海盗行为的模糊界限、肖恩的日记→肖恩的日志（对白 26077 亦作"这是肖恩的日志"）、竞技大会的演变→竞技赛制的演变	图题统一为书目清单用名（或同步修改书目串，两侧必须一致）
images_booknotes	b0004.png	A	错译	找到一个符合你信念的家园几乎是不可能的（原文 far from impossible＝绝非不可能，意思相反）	改「找到合乎你信念的家园绝非难事」
images_booknotes	b0004.png	A	漏译	但他们也有另一种看法。为此，许多人会刻意以消极的方式行事（原文 they have yet to do so in a negative fashion. To this end, many people actively seek out homes…，漏掉核心句并凭空增出"消极行事"）	改「但它们迄今并未负面影响人们。为此，许多人特意在自然与"正向"能量环绕之地择居」
images_booknotes	b0005.png	A	错译	如果在任何时候，只有一位先知或女先知看到了幻象……大不相同（原文 more than one Seer＝不止一位，意思相反）	改「若同一幻象被不止一位先知看到，解读很可能大相径庭」
images_booknotes	b0005.png	A	术语/专名	署名作「~弗泰姆~」，基准「福泰姆」（names.rpy；b0003 图同署 ~福泰姆~，正文亦全作福泰姆）	改「~福泰姆~」
images_booknotes	b0006.png	A	错译	瓦利诺斯绝不能让马泽奥的命运就此注定（原文 Valinorth must never meet Mazeo's fate＝绝不能落得马泽奥的下场，主宾错位）	改「瓦利诺斯绝不能重蹈马泽奥的覆辙」
images_booknotes	b0007.png	A	错译	使我们的村庄得以温暖，以及周围地区免受战争（原文只是 keeps our village and its surrounding areas warm，"免受战争"凭空）；"而是因为我们无法处理那里的尸体"（原文 simply because our bodies would not be able to handle it，无"尸体"）	分别改「使我们的村庄与周边地区都保持温暖」「我们不敢前往东冠，只因身体承受不住那里的酷寒」
images_booknotes	b0008.png	A	错译	如果同时出现两位先知，而且他们的存在时间重叠……（原文 the spans of time without them are very small＝空窗期极短，凭空编造"两位先知并存"）；"灵界会变得越来越弱，越来越渺小"（原文 our dependence on the spirits will grow smaller＝我们对灵的依赖变小，主语颠倒）	分别改「因空缺先知的时间极短，总能准确预料下一位先知何时降生」「我们对灵的依赖会越来越轻」
images_booknotes	b0008.png	A	术语/专名	在新生的灵像偶像会有一阵光芒和能量爆发——idol 基准「灵像」，"灵像偶像"双重译名，且"在…会有"缺成分成病句	改「新的灵像旁会有一阵光芒与能量爆发」
images_booknotes	b0011.png	A	错译	这可能是由一位神秘的女性所引发的新一轮起义的希望，她只有一个人知道，这个人就是薇薇安""（原文 known only as "Vivien"＝仅以"薇薇安"之名示人，现译语义崩坏）	改「这是新一轮由仅以"薇薇安"之名示人的神秘女子领导的起义所带来的希望」
images_booknotes	b0013.png	A	错译	不如就让审判庭的人自相残杀吧（原文 let alone the forces of The Inquisition＝更不用说审判庭的势力）；"为了大家。"（原文 All for him.＝全为了他，意思相反）	改「……对三人执政团本身仍几乎一无所知，更不用说审判庭的势力了」「——全为了他。」
images_booknotes	b0014.png	A	错译	他们就会被欢迎重新加入阿拉林西亚的军队（原文 welcomed back into Alarinthia's arms＝怀抱，误作"军队"）	改「便会重新被阿拉林西亚拥入怀中」
images_booknotes	b0014.png	A	术语/专名	标题与首句作「六日者」，terms.tsv 基准「六时人」（书目 C1"论六时人"、对白均作六时人）	改「论六时人」，正文首句改「六时人。」
images_booknotes	b0015.png	A	术语/专名	标题与正文作「德拉库」，基准「德雷库」（names.rpy "Draycu": 德雷库，script.rpy 全篇德雷库）	标题与正文全部改「德雷库」
images_booknotes	b0016.png	A	错译	阿拉林西亚的统治者决定通过简单的一对一战斗来选拔勇士（原文 rulers of Alarinthia were decided during a simple one-on-one battle＝统治者由决斗产生，主谓颠倒）	改「最初，阿拉林西亚的统治者是通过一对一决斗产生的」
images_maps	RebelHQMap.png	A	术语/专名	CREW QUARTERS译作"成员宿舍"，对白同一 HQ 场景全篇统一作"船员舱"，"宿舍"还是现代词	【已撤销·裁决反转，改为改对白9行】改"船员舱"
images_maps	RebelHQMap.png	A	术语/专名	PERSONAL QUARTERS译作"个人房间"，对白中总部同设施统一作"私人房间"，AlarinMapCastle/AlarinMapColi 两图亦作"私人房间"	【待定·地图与对白两种写法需统一】改"私人房间"
images_maps	ValinorthMap.png	A	术语/专名	SÄULEBERG译作"瑟勒山"，与术语表及全篇不一致（对白："迈勒斯派人守卫着索尔伯格"）	改"索尔伯格"
images_maps	ValinorthMap.png	A	术语/专名	EASTCROWN译作"东冠镇"；全篇统一作"东冠"，且原文是冰封山峰而非城镇，加"镇"既不一致又误导	改"东冠"
images_tutorial_menu	tut003.png	A	术语/专名	阿莱斯提亚与全篇基准"阿莱斯蒂亚"不一致（zz5、zzz0-1 及对白 tsv 均作"阿莱斯蒂亚"）	改为"阿莱斯蒂亚是一个鲜活的世界。"
images_tutorial_menu	zz11.png	A	错译	原文 "This sheltered hamlet is now custodian to the weapon..."（避世的小村庄）被误译为"这枚系链护符"，语义完全偏离上下文	改为"这座避世的小村，如今守护着那件足以解放世界的武器。"
images_tutorial_menu	zz12.png	A	错译	原文 "it would be met with a gruesome fate by The Triumvirate and their Grand Inquisitor…"（将迎来可怖的命运）被弱化误译为"会惹得……面露不悦"	改为"如此一来——它注定要遭逢三人执政团及其大审判官的可怖命运……"
strings_0001.tsv	1	A	术语/专名	“女先知”偏离基准 Seeress=先知	改“我是先知……”，或在术语表登记“女先知”
strings_0003.tsv	930	A	标点/占位符	日期格式删 %A/%B、增 %m，与原文占位不符	确认有意本地化；需星期可保留 %A
strings_0004.tsv	1241	A	术语/专名	“回滚”与全篇“回退”不统一（含1242）	统一改“回退”“回退到之前的时间点”
dialogue_0001	150	B	语域	“这就是我的角色”带戏剧职场腔，不合内心独白	可如果这就是我的职责，我就必须扛起来
dialogue_0001	156	B	翻译腔	cheat the present 直译成“欺骗当下”，读来费解	我要借未来扭转当下（161 同）
dialogue_0001	179	B	现代词出戏	“开一场……会议”现代会议腔	告诉他们马泽奥正有要事相商
dialogue_0001	210	B	现代词出戏	“领导层”现代组织词（360 同）	瓦利诺斯的掌事大权丝毫未见中断！
dialogue_0001	228	B	现代词出戏	“靠谱”现代口语（378 同）	我这个推测可是有根有据的
dialogue_0001	265	B	现代词出戏	“灵的能量”科幻词“能量”，与全篇“灵性力量”不一致	也许它能汇聚灵性力量。
dialogue_0001	274	B	现代词出戏	“生物光”现代科学术语出戏	这棵树竟能自行发光。
dialogue_0001	285	B	现代词出戏	“峰会”现代政治词	那里要举行一场会盟
dialogue_0001	293	B	现代词出戏	“脑补”网络俚语出戏	别去想象那画面
dialogue_0001	81	B	翻译腔	“他们脸上”指代不清，易误认作哈林二人	三人执政团脸上浮起一丝浅笑，筹谋已久的计划终于实现
dialogue_0002	406	B	翻译腔	“这个职位还挺有竞争的”搭配生硬	改“这个职位竞争颇为激烈”
dialogue_0002	423	B	现代词出戏	“阿莱斯蒂亚的中心枢纽”现代且同义重复	改“基本就是阿莱斯蒂亚的中枢之地”
dialogue_0002	432	B	翻译腔	“对王位的宣称”名词化直译生硬	改“我们看重力量，而非血脉或问鼎王位之权”
dialogue_0002	462	B	翻译腔	“被以不同方式开发定居”被动加现代词	改“其余世界遭砍伐开拓，另行聚居”
dialogue_0002	485	B	翻译腔	“我怀疑我们没时间争论”误用“怀疑”	改“恐怕我们没工夫争这个”
dialogue_0002	503	B	翻译腔	“默认了一个没有说出口的事实”生硬	改“心照不宣地接受了这件没说破的事”
dialogue_0002	518	B	现代词出戏	“紧急情况”“应对规程”现代公文腔	改“这等危急，我们早有应对的约定”
dialogue_0002	574	B	翻译腔	“要为之做准备的设想很糟糕”定语缠绕	改“这种情形没人愿设想，却不得不备”
dialogue_0002	583	B	现代词出戏	“把这份文件签了”现代办公词（478“文件”同）	改“走之前把这张文书签了”
dialogue_0002	623	B	翻译腔	“演书记官的书记官”晦涩难解	改“扮演书记官，学着做书记官”
dialogue_0002	630	B	现代词出戏	“我脑子里可不能装八卦”现代流行语	改“我脑子里可不能装闲话”
dialogue_0002	668	B	现代词出戏	“法条越多”现代法律术语	改“律条越多，可破的规矩也越多”
dialogue_0002	679	B	现代词出戏	旁白“很酷的剑”出戏（670/686/713/714同）	改“一把挺帅的剑，稀罕玩意儿”
dialogue_0002	720	B	现代词出戏	“没被测绘过”现代专业词	改“从没被绘进地图”
dialogue_0002	728	B	现代词出戏	“任何……的信息”，信息为规格禁用词（730同）	改“任何关于东冠的讯息都有用”
dialogue_0003	1083	B	现代词出戏	马泽奥与瓦利诺斯的国家安全都受到了威胁	马泽奥与瓦利诺斯的安危都已受到威胁。（1128 同）
dialogue_0003	1088	B	称谓	同句"你的家人可能有危险…只求您放我们过去"你/您混用	您的家人可能有危险。（1133 同；1085/1089/1134 建议一并定同一口径）
dialogue_0003	1092	B	翻译腔	请你赌上信念，纵身一跃leap of faith 直译	我是在请你凭着信念赌这一把。（1137 同）
dialogue_0003	1116	B	称谓	Yes, sir!→"是的，先生！"西式称谓直译	是，长官！
dialogue_0003	1174	B	现代词出戏	我小时候孤儿院的人这么叫我的（原文仅 the orphans，孤儿院为现代机构）	普洛只是我小时候那些孤儿这么叫我的。
dialogue_0003	860	B	翻译腔	总比在自己头上贴靶子好比喻直译生硬	总比让自己成了众矢之的强，对吧？
dialogue_0003	861	B	翻译腔	所有人都看到能欺骗未来的潜力英语习语直译	要是所有人都看到未来有可乘之机……？（862 同）
dialogue_0003	895	B	现代词出戏	那股能量是生命，还是死亡……？科幻词入奇幻	那股力量是生命，还是死亡……？
dialogue_0003	911	B	现代词出戏	不知该如何承受那些能量	不知该如何承受那股力量。
dialogue_0003	980	B	现代词出戏	你用这股灵能量制造了君主容器	你用这股灵力制造了君主容器。
dialogue_0003	981	B	现代词出戏	你用这股灵能量制造了人造先知	你用这股灵力制造了人造先知。
dialogue_0004	1340	B	现代词出戏	“办公室/助理/跟进”现代办公用语，中世纪出戏	改“亚历克斯离开公事房后……他的助手莉莉丝……每次会谈后记档并向他复命。”
dialogue_0004	1344	B	现代词出戏	“重启谈判”是现代科技词，奇幻世界不宜	改“待更多人到场，谈判再开。”
dialogue_0004	1348	B	现代词出戏	“达成协议”的“协议”属科幻词，应作交易/约定	改“亚历克斯和娜达都会争着与我敲定一笔交易。”
dialogue_0004	1351	B	称谓	助手对市长称 sir 译“先生”，西式称谓直译	改“当然，大人。”（对市长用“大人/阁下”）
dialogue_0004	1354	B	翻译腔	“我对他的……信任，超乎你所知”名词化欧化句	改“我信任他的决断与谋略，远超你的想象。”
dialogue_0004	1421	B	翻译腔	“而那些不是的，都比我大得多”指代残缺生硬	改“而其余的，都比我年长得多。”
dialogue_0004	1470	B	翻译腔	“产生耐受”医学腔；1216“培养耐受”、1469“疗法”同类	改“随着你渐渐适应它的力量，就能用得越来越久。”
dialogue_0004	1503	B	现代词出戏	“无穷人脉”的“人脉”是现代社交词	改“他们管这里叫‘门路遍地’之城。”
dialogue_0004	1553	B	翻译腔	“这样的身体接触”直译腔，读来像心理学术语	改“我猜他是担心这样靠着我会不会失礼。”
dialogue_0005	1670	B	翻译腔	“做得像门科学”系英语习语直译，生硬费解	改“我这套早已摸得滚瓜烂熟，绝不会被抓到”
dialogue_0005	1740	B	翻译腔	“我们来自哪里的习惯”是英文句法直嵌，不成话	改“故乡带来的习惯，很难摆脱”
dialogue_0005	1761	B	现代词出戏	“格瑞兹的办公室”为现代词，奇幻语境出戏	全篇统一改“格瑞兹的公事房”（含0004的1340、0008的3141）
dialogue_0005	1799	B	现代词出戏	“格瑞兹的办公室就在楼梯顶端”现代词出戏	改“格瑞兹的公事房就在楼梯顶端”
dialogue_0005	1801	B	翻译腔	西式问候“听过太多关于你的事了”直译，近似抱怨	改“早就听闻不少你的事，[firstname]”（1802同句）
dialogue_0005	1806	B	现代词出戏	“这间办公室里的人都知道”现代词出戏	改“这间公事房里的人都知道”
dialogue_0005	1826	B	现代词出戏	“做个简报”是现代职场用语，出戏	改“你们结束后，格瑞兹会向我做个交代”
dialogue_0005	1830	B	现代词出戏	“通往格瑞兹办公室的门”现代词出戏	改“通往格瑞兹公事房的门”
dialogue_0005	1833	B	现代词出戏	“马泽奥航运公司”，“公司”是现代组织	改“马泽奥船行”
dialogue_0005	1834	B	现代词出戏	“最高机密”是现代谍报用语，出戏	改“那是天大的机密，只有市长才能看！”
dialogue_0005	1864	B	翻译腔	“这些正是她往常会为此背后捅刀的东西”指代循环拗口	改“为了这些东西，她往常没少在背后捅刀”
dialogue_0005	1867	B	语域	随口道谢却用“情报”，军警语域错层	改“好！多谢告知！”
dialogue_0005	1872	B	现代词出戏	“我们一同走进办公室”现代词出戏	改“我们一同走进公事房”
dialogue_0005	1885	B	现代词出戏	“感谢各位来到我的办公室”现代词出戏	改“感谢各位来到我的公事房”
dialogue_0005	1906	B	现代词出戏	“航运公司”是现代组织，“工作机会”偏职场	改“马泽奥船行”“所有海盗都得在船行谋份差事”
dialogue_0005	1919	B	现代词出戏	“航运公司”“客户”均属现代商业词	改“马泽奥船行”“主顾”
dialogue_0005	1922	B	现代词出戏	“个百分点”是现代统计词，与1912“百分之六十五”不一致	改“我能献上另外的百分之六十五”
dialogue_0005	1965	B	现代词出戏	“格瑞兹的办公室似乎俯瞰码头”现代词出戏	改“格瑞兹的公事房似乎俯瞰码头”
dialogue_0005	1968	B	现代词出戏	“你知道，这是我的办公室”现代词出戏	改“你知道，这是我的公事房”
dialogue_0006	2015	B	翻译腔	不用天才也能看出是习语直译，中文读来生硬	改"不用猜也知道她在想什么"
dialogue_0006	2019	B	现代词出戏	给它们供能是现代工程用语，奇幻语境出戏	改"也许我们甚至能用那把剑驱动它们"
dialogue_0006	2106	B	现代词出戏	那是用来社交的，"社交"属现代用语	改"那是用来与人往来的"
dialogue_0006	2118	B	现代词出戏	很棒的社交场所，"社交"属现代用语	改"也是个与人来往的好去处"
dialogue_0006	2119	B	现代词出戏	有点像食堂了，"食堂"是现代词	改"倒也算得上一间膳房了，对吧？"
dialogue_0006	2146	B	现代词出戏	宣传成一个有权势的职位带现代口吻	改"对外宣称这是个有权势的差事"
dialogue_0006	2162	B	翻译腔	比起——你懂的，死掉，我宁愿要……语序混乱	改"比起——你懂的——送命，我宁可干无聊的活儿"
dialogue_0006	2162	B	现代词出戏	岗位是现代职场用词	改"瓦利诺斯这里的差事很无聊"
dialogue_0006	2327	B	现代词出戏	秒答是网络口语，与奇幻语境不合	改"或者你也可以想都不想就答……"
dialogue_0007	2415	B	翻译腔	这大概需要些时间我才能弄明白语序杂糅不通	改"我大概还需要些时间才能弄明白"
dialogue_0007	2446	B	现代词出戏	白噪音是现代声学词，中世纪奇幻语境出戏	改"但就像听惯了的杂音，我们已对它充耳不闻"
dialogue_0007	2578	B	现代词出戏	琐碎的信息含规格明令禁用的现代词"信息"	改"你为何想知道这种无关紧要的琐事？"
dialogue_0007	2624	B	翻译腔	暗示我以为你在暗示的事动词嵌套，拗口难读	改"你是不是在暗示我猜到的那件事？"
dialogue_0007	2632	B	现代词出戏	main landing 直译"主平台"生硬，"平台"属禁用词	改"他微笑着，走回楼梯口。"
dialogue_0007	2647	B	翻译腔	教你两课不是中文说法	改"所以这次，我大概要给你上两课了"
dialogue_0007	2649	B	翻译腔	一个牵涉情感的友人欧化定语堆叠	改"感情上有牵绊的朋友，未必会听从每道命令"
dialogue_0007	2651	B	现代词出戏	两处"能量"为规格明令禁用的科幻词	改"祭品及其蕴含的气力""你体内有如此充沛的气力"
dialogue_0007	2688	B	现代词出戏	火灾隐患是现代消防术语，叙事层出戏	改"想暖和些我能理解，可这也太容易走水了吧？"
dialogue_0007	2725	B	翻译腔	非常接近确保他……名词化翻译腔	改"我们离让他始终站在我方已经很近了"
dialogue_0007	2728	B	翻译腔	把作战计划和你过一遍语序别扭	改"我会和你一起过一遍作战计划，再给你行程安排"
dialogue_0007	2751	B	现代词出戏	向大地输送能量含禁用词"能量"	改"如果它们并没有在滋养大地，那它们在做什么……？"
dialogue_0007	2781	B	翻译腔	占领受害者生造词，中文读不通	改"它们是由被夺去身体的受害者之灵驱动的……"
dialogue_0008	2803	B	现代词出戏	那么多能量（另 3125"散发着能量"、3165"灵能量"、3190"能量即将耗尽"）	2803改"那么充沛的力量全都塞在一个小小的东西里"；3125改"散发着灵光"；3165改"他体内没有灵力"；3190改"仿佛力量即将耗尽"
dialogue_0008	2825	B	现代词出戏	我的'待办清单'上事情太多了（2826-2829同）	改"我要办的事实在太多了"（各句同步）
dialogue_0008	2892	B	现代词出戏	'讨喜的浪荡子'人设早就炉火纯青了	改"我这套'讨喜的浪荡子'做派早就炉火纯青了"
dialogue_0008	2902	B	翻译腔	稍微跳出框框想一想（2903同，think outside the box 直译）	改"你只需稍微换个思路去想，[firstname]"
dialogue_0008	2910	B	现代词出戏	打扫是有排班表的	改"打扫是排了值日安排的"
dialogue_0008	2943	B	现代词出戏	你的客人特权也就到这儿为止	改"你做客的待遇也就到这儿为止了"
dialogue_0008	2990	B	现代词出戏	'君主容器，又或者是人造先知'科幻感	改"君主的器皿，又或者说，被造出来的先知"
dialogue_0008	3003	B	现代词出戏	他得消化太多新信息	改"他得消化太多新变故"
dialogue_0008	3022	B	现代词出戏	我这儿正开着会呢（3023"会议可以等等"同）	3022改"我这儿正跟人谈着事呢"；3023改"会面可以先放一放，达梅克！"
dialogue_0008	3088	B	语域	箭头从我躯干上凸出来解剖腔	改"发现一支箭头从前胸穿了出来"
dialogue_0008	3141	B	现代词出戏	我知道为什么当初在我的办公室，我会认出你…	改"我知道当初为什么在公事房里，我会认出你和你的朋友了"
dialogue_0008	3152	B	翻译腔	被迫披着他们的颜色？（colors 直译）	改"被迫披上他们的旗色？"
dialogue_0009	3240	B	现代词出戏	止损是现代金融词，老兵口中出戏	改"我们得尽量挽回损失"
dialogue_0009	3300	B	翻译腔	我们把他料理好了易误读为处理尸体，原意是救治	改"你睡着时，我们出手救了他"
dialogue_0009	3330	B	现代词出戏	能量属科幻词，规格禁用（3483/3541同）	改"它的力量已被释放"，全篇按禁用表统一
dialogue_0009	3357	B	翻译腔	我们不怪你们的理解搭配不通	改"你们这样理解，我们并不责怪"
dialogue_0009	3412	B	翻译腔	在充耳不闻的耳朵前呼救英语习语直译	改"只能被迫旁观，嘶声呼救却无人理会"
dialogue_0009	3418	B	现代词出戏	具现是ACG圈用语，非小说译笔	改"灵像是我们渴望向外传信的显现"
dialogue_0009	3438	B	称谓	我的国王西式称谓直译生硬	改"吾王"；3439"我的女王"可留
dialogue_0009	3443	B	翻译腔	我怎么可能被指望消化这一切被动硬译	改"这种事，怎么可能指望我消化得下"
dialogue_0009	3487	B	翻译腔	没有更多先知，没有更多剑no more直译生硬	改"再无先知，再无剑"
dialogue_0009	3513	B	现代词出戏	达梅克的演讲很精彩演讲是现代词	改"达梅克那番话讲得真好"
dialogue_0009	3515	B	现代词出戏	灵性能量带现代灵修味	改"用那股灵力来创造先知"
dialogue_0009	3538	B	翻译腔	无法为自己思考for themselves逐词直译	改"无法独立思考，甚至完全无法思考"
dialogue_0009	3550	B	翻译腔	它使用时很强大英文状语逐字对译	改"动用起来威力强大——只是波及有限"
dialogue_0009	3561	B	翻译腔	喊出敌人的攻击call out语义未译出	改"预警每一次袭击，防住每一次伏击"
dialogue_0009	3585	B	翻译腔	尸体会需要被监视双重被动生硬	改"接下来一天左右，得有人盯着这些尸体"
dialogue_0010	3640	B	现代词出戏	需要协作精神中"协作"属禁用现代管理词	改"做顾问既需要知识，{i}也{/i}需要与众人配合"
dialogue_0010	3683	B	称谓	我的国王系 my King 西式称谓直译	改"话已至此，我们不打扰了。日后请细想，陛下。"
dialogue_0010	3684	B	称谓	我的女王系 my Queen 西式称谓直译	改"话已至此，我们不打扰了。日后请细想，陛下。"
dialogue_0010	3716	B	现代词出戏	一场盛大的派对中"派对"为现代外来词	改"所以基本上就是一场盛大的欢宴。"
dialogue_0010	3718	B	现代词出戏	我们原本最后的派对泡汤了派对出戏	改"太好了。我们原本最后一场聚会泡汤了。"
dialogue_0010	3719	B	现代词出戏	同 3718，女王分支"派对"出戏	改"太好了。我们原本最后一场聚会泡汤了。"
dialogue_0010	3720	B	现代词出戏	德雷库的派对宜与本篇 ball=舞会统一	改"那{i}确实{/i}是德雷库的舞会，但我们可以为自己而庆祝。"
dialogue_0010	3721	B	现代词出戏	它或许是场派对派对出戏	改"它或许是场欢宴，但阿拉林西亚的命运将在幕后改变。"
dialogue_0010	3952	B	现代词出戏	时间线为现代/科幻词，奇幻语境出戏	改"如果这段来历听着混乱，那确实如此。我们说的可是数千年的事。"
dialogue_0010	3961	B	翻译腔	把自己建起系 build up 直译，生硬不通	改"这是无尽的循环：一次次把自己撑起，又一次次被打落。"
dialogue_0010	3974	B	翻译腔	我确保他的梦想成为现实系 ensure 直译	改"在他离开我房间之前，我让他的梦想成了现实。"
dialogue_0010	3998	B	现代词出戏	开会时站的地方开会为禁用词，原文 meetings 指集会	改"多半就是他们议事时站的地方。"
dialogue_0010	3999	B	现代词出戏	肢体语言和反应肢体语言为现代职场/心理用语	改"他的神色与反应告诉我，这里正是他当年受创的地方。"
dialogue_0011	4060	B	现代词出戏	我们体内的能量属科幻词入奇幻	改"我们体内的气力/力量"
dialogue_0011	4062	B	称谓	豪尔对君主混用"你"，4044处用"您"	统一用"您"："您相信我们吗？"
dialogue_0011	4118	B	现代词出戏	确保每个人都达成目标职场腔	改"我的职责就是确保每个人都完成定额"
dialogue_0011	4135	B	现代词出戏	父亲的办公室为现代词出戏	改"有时我会溜进父亲的书房"
dialogue_0011	4183	B	现代词出戏	没有法律管制中"管制"现代行政味	改"不过，这里可没有管这些的律法"
dialogue_0011	4187	B	现代词出戏	可能是毒品为现代法制词	改"可能是迷药，或是违禁武器"
dialogue_0011	4224	B	现代词出戏	纠结这些信息中"信息"属禁用现代词	改"去深究这些事大概也没什么意义"
dialogue_0011	4322	B	现代词出戏	集合，开最后一次会含现代词"开会"	改"集合，作最后一次商议"（4335同）
dialogue_0011	4330	B	现代词出戏	用它的能量属科幻词入奇幻	改"她会用它的力量让荣誉卫队失效"
dialogue_0012	4517	B	现代词出戏	来自灵界的一文不值的能量（科幻词）	你得到的不过是灵界的一文不值的气力。
dialogue_0012	4539	B	现代词出戏	我将剑相位转移回手中（科幻词直译）	但紧接着，出乎他意料的是，我将剑唤回手中。
dialogue_0012	4549	B	现代词出戏	我将剑相位转移回手中（同 4539）	但紧接着，出乎他意料的是，我将剑唤回手中。
dialogue_0012	4592	B	现代词出戏	我们会再开一次会，规格明令禁用"开会"	我想等所有人都到齐，我们会再商议一次。（4599/4606/4613 同文需同步改）
dialogue_0012	4688	B	语域	把发言权交给达梅克，the floor＝现代会议语	豪尔点点头，示意达梅克接着说。他上前一步。
dialogue_0012	4714	B	翻译腔	我在这儿可是把很大的信任交给了你欧化拗口	我这可是把重担全交给你了。
dialogue_0012	4723	B	翻译腔	但我心里有一部分充满了恐惧part of me 直译	我会尽全力不让他们失望。可我心中仍不免恐惧。
dialogue_0012	4729	B	翻译腔	寒冷而不友好的空气就扑面而来，uninviting 硬译	一出小屋，阴冷逼人的空气便扑面而来。
dialogue_0012	4777	B	翻译腔	我们站在历史正确的一边英语政治习语直译	这足以证明，我们没有站错边。
dialogue_0013	4839	B	翻译腔	“我们太常谴责他人”系 too often 直译，不地道	在我们自私的旅途中，我们总是太急于谴责他人
dialogue_0013	4881	B	语域	“什么时候是那个时机……并加以利用”公文腔且句式重复	何时是出手的时机，要由你判断并抓住
dialogue_0013	4897	B	现代词出戏	“情况汇报”是现代职场用语，叙事层出戏	我谢他告知近况，也谢他来看望我
dialogue_0013	4898	B	翻译腔	“是否建议你在黎明前……”欧化句式别扭	不如趁天亮前，去和你的朋友们待一会儿？
dialogue_0013	4930	B	翻译腔	“这会是很多人我最后一次见到他们”语序不通	我能看出，这是我最后一次见到他们中的许多人
dialogue_0013	5011	B	翻译腔	“给自己签死亡判决书”习语硬译、搭配不当	你那无异于自寻死路
dialogue_0013	5041	B	翻译腔	“从各方面来说，我们已经死了”直译生硬	记住——无论如何，我们早就是死人了
dialogue_0013	5118	B	翻译腔	习语直译“呼喊落进了聋子的耳朵”	她的呼喊无人听见（或：她的呼喊石沉大海）
dialogue_0013	5124	B	现代词出戏	“激活剑的力量”含科幻禁词“激活”	唤醒那把剑的力量，那道熟悉的白光刺得我们都睁不开眼
dialogue_0013	5136	B	翻译腔	“真是我们的运气”未译出反语，易读作正面	我们运气可真“好”啊
dialogue_0013	5140	B	翻译腔	“我有一部分在想”系 part of me 直译	我不禁暗想，是否该退进城堡里与它们周旋
dialogue_0014	5330	B	翻译腔	他的掩护暴露了（cover blown 习语直译）	他的行踪暴露了。他的脚印拖出一道小小的酒渍。
dialogue_0014	5378	B	现代词出戏	按需在彼此之间相位转移（科幻词）	按需将剑隔空传到彼此手中，我们几乎心意相通。
dialogue_0014	5391	B	现代词出戏	我将剑相位转移回手中，收入鞘内	我隔空将剑收回手中，收入鞘内。
dialogue_0014	5401	B	现代词出戏	剑又相位转移回我手中	如同传递接力棒，剑又隔空回到我手中。
dialogue_0014	5403	B	现代词出戏	按需在彼此之间相位转移（科幻词）	按需将剑隔空传到彼此手中，我们几乎心意相通。
dialogue_0014	5408	B	翻译腔	但这份奢侈，我们可不卖（生硬费解）	但我们可消受不起这份奢侈。
dialogue_0014	5420	B	现代词出戏	那是否也能相位转移（科幻词）	那是否也能这样凭空挪移？
dialogue_0014	5445	B	现代词出戏	他将剑相位转移到手中	他隔空将剑召入手中，挡下哈林接下来的攻击。
dialogue_0014	5473	B	现代词出戏	他将剑相位转移到手中	他隔空将剑召入手中，挡下哈林接下来的攻击。
dialogue_0014	5500	B	现代词出戏	我将剑相位转移回手中，缓缓站起	我隔空将剑收回手中，缓缓站起。
dialogue_0014	5551	B	翻译腔	那些人比持剑的空甲更威胁他（语法不通）	那些弓箭手比持剑的空甲威胁更大。
dialogue_0015	5621	B	现代词出戏	索维将剑相位转移到手中（5678、5775 同型）	索维将剑凭空召至掌心／乌尔里克将剑凭空召至掌心／我将剑凭空召至掌中
dialogue_0015	5621	B	语域	令我悔恨不已的是（much to my regret 只是懊恼，语域过重；5678 同）	紧接着，令我大为懊恼的是，他轻而易举地斩断了我的手臂。
dialogue_0015	5700	B	翻译腔	重新站到历史的正确一方（right side of history 直译；5707 同）	你终将回到历史正确的一边。／历史正确的一边？别逗我笑了。
dialogue_0015	5746	B	现代词出戏	那一刻释放的能量，必定会将两者一同摧毁	那一刻迸发的力量，必定会将两者一同摧毁。
dialogue_0015	5793	B	翻译腔	那是个很大的'或许'（big maybe 直译，中文不通）	可这"或许"实在没几分把握。
dialogue_0015	5798	B	现代词出戏	我将剑刺入那尊灵像，并激活了它	我将剑刺入那尊灵像，并唤醒了它。随即亮起令人目眩的白光。
dialogue_0015	5813	B	翻译腔	你把这桩事坚持到了苦涩的尽头（bitter end 直译）	你把这桩事有始有终地坚持到了最后。
dialogue_0015	5818	B	现代词出戏	边境管制逐渐放宽，……深受游客喜爱	边境日渐开放，日后瓦利诺斯颇受旅人青睐。
dialogue_0015	5829	B	现代词出戏	马泽奥最伟大的公众人物之一（5884 同）	于是，她作为马泽奥最负盛名的人物之一载入史册。
dialogue_0015	5848	B	翻译腔	一场小小的仪式举行了（英文被动无主句；5857、5953、5971、5999、6000 同型）	改主动句式（如"他们举行了一场小小的仪式，以巩固你们的羁绊"）。
dialogue_0015	5859	B	现代词出戏	实现了他用信息行善的梦想	你帮助普洛实现了他以文字行善的梦想。
dialogue_0015	5865	B	现代词出戏	你的工作压力巨大，令人不堪重负（5966 同）	有一段日子，你政务缠身，几近不堪重负。
dialogue_0015	5944	B	现代词出戏	他做事高效，谋略出众（高效=禁用词）	他办事利落，谋略出众，确保了乌尔里克的统治稳固。
dialogue_0015	5955	B	翻译腔	被前主人骇人的需求所塑造、扭曲	一个受害者——为迎合前主人那卑劣的欲求而被捏造、扭曲。
dialogue_0015	5960	B	现代词出戏	它帮助巩固了反抗军是正确的这一认知（公文腔）	这进一步印证了反抗军是正确的。
dialogue_0015	5961	B	翻译腔	豪尔也确保写下关于你的文字	豪尔也特意在书中写到了你。你对他同样重要。
dialogue_0015	5970	B	翻译腔	士气的重创让你的胜利显得有些空洞（名词化）	士气遭受重创，让你的胜利显得有些空洞。
dialogue_0015	5981	B	语域	新王权骄傲的一员（proud servant 漏"仆人"）	身为新王室自豪的仆人。
dialogue_0015	5985	B	现代词出戏	马泽奥航运公司（0005 seq 1833 同）	马泽奥航运商行与马泽奥一同步入了繁荣的新时代。
dialogue_0015	5986	B	现代词出戏	所有犯罪记录被撤销	所有罪案记录皆被勾销。
dialogue_0015	5993	B	现代词出戏	严苛的安保与入境审查被永久废除	严苛的城防与入境盘查已被彻底废除。
dialogue_0016	6005	B	现代词出戏	马泽奥航运公司"这家公司系现代组织，奇幻世界无公司	改"马泽奥航运商会/这家商会"（6007 同）
dialogue_0016	6007	B	现代词出戏	压倒了马泽奥航运公司之"公司"出戏	改为"马泽奥航运商会"
dialogue_0016	6066	B	现代词出戏	这房间挺酷的之"酷"是现代词	改"这房间真不赖，[firstname]"
dialogue_0016	6150	B	现代词出戏	职业选择系现代职场用语	改"这种谋生的行当"（保留"笑话"引号）
dialogue_0016	6297	B	翻译腔	却是我们作为人的权利属"作为……"欧化框架	改"却也是生而为人的权利"
dialogue_0016	6302	B	翻译腔	我看不出自己会有很快堕落到敌人那种地步语序不通	改"我看不出自己短期内会堕落到敌人的地步"
dialogue_0016	6351	B	翻译腔	在两个恶中选较轻的那个系英语习语生硬直译	改"何不两害相权取其轻"
dialogue_0017	6427	B	现代词出戏	那时我就知道，我们中大奖了	那时我就知道，这回我们捡到宝了。
dialogue_0017	6455	B	翻译腔	那件事不发生的可能性还挺大的	那种事多半不会发生。
dialogue_0017	6514	B	现代词出戏	只有我们给它时间去发酵，才会如此（fester=恶化）	只有我们任其恶化，才会如此。
dialogue_0017	6662	B	现代词出戏	简直就像一场体验（名词化现代用法）	走向城堡的这一路，倒像特意安排的一番游览。
dialogue_0017	6684	B	语域	再以彼之道还施彼身（武侠成语，西方奇幻出戏）	先听听他们要说什么，再以其人之道还治其人之身。
dialogue_0017	6691	B	翻译腔	缺乏武力并不软弱（直译成病句）	缺乏武力，并不是一种软弱。
dialogue_0017	6693	B	翻译腔	他们任由三人执政团把大陆人踩在脚下（they 指代混乱）	执政团把大陆人踩在脚下，而他们连一声疑问都不敢提。
dialogue_0017	6701	B	翻译腔	我道歉，那相当令人敬佩（My apologies 直译）	抱歉，那实在令人敬佩。
dialogue_0017	6787	B	语域	会把我们的羁绊撕碎（日系 ACG 词"羁绊"）	会把我们之间的情谊撕碎。
dialogue_0018	6814	B	现代词出戏	开放式酒吧是现代酒吧行话，奇幻语境出戏	改"畅饮的酒台吸引了许多宾客。这里人人都能找到所爱"
dialogue_0018	6876	B	现代词出戏	工作为现代词，奇幻对白中出戏	改"那是{i}正事{/i}。我们是来放松的"
dialogue_0018	6878	B	现代词出戏	羁绊偏日系网络用语，不合西式奇幻译笔	改"如果我们的交情加深，我们也会变强"
dialogue_0018	6893	B	翻译腔	那几乎十倍地证明了你的忠诚动补结构生硬	改"那足以近十倍地昭示你的忠诚"
dialogue_0018	6951	B	现代词出戏	交际交际是现代社交词，与瓦莱莎口吻不合	改"去跟当地人多走动走动吧。我{i}永远{/i}都在"
dialogue_0018	6979	B	现代词出戏	路线图是现代管理词，直译出戏	改"反倒把他们当作'千万不能做'的范本"
dialogue_0018	7006	B	现代词出戏	our team 译"我们队"，现代组队口吻	改"但这场冲突显然在我们这群人里造成了分裂"
dialogue_0018	7010	B	现代词出戏	能量属规格禁用科幻词，奇幻语境宜避	改"我能感觉到它涌动着力量——正在对什么作出反应"
dialogue_0018	7070	B	现代词出戏	上司是现代职场称谓，船长应为市井口吻	改"被你的东家骗了？欢迎加入。"
dialogue_0018	7088	B	现代词出戏	上级是现代组织词，奇幻语境出戏	改"想象一下不必再受人辖制的日子"
dialogue_0018	7152	B	翻译腔	直译英文绕口句，"你是不是在暗示我以为你在暗示的事"拗口	改"你该不会是在暗示我以为的那件事吧？"
dialogue_0018	7165	B	现代词出戏	触媒是现代化学术语，奇幻语境出戏	改"他们求变的渴望就是引子"
dialogue_0019	7205	B	翻译腔	乃至更多直译且缺中心词，句读不通	改"看来豪尔将是解开这一切谜团乃至更多问题的关键"
dialogue_0019	7320	B	现代词出戏	我会罩着你的是现代江湖口语，出戏	改"放心，我在你身后为你掠阵"
dialogue_0019	7358	B	翻译腔	由于一次突如其来的打断生硬，丢了原文反讽	改"多亏这突如其来的打断，我永远也无从知道了"
dialogue_0019	7386	B	翻译腔	在失去视线的状态下欧化冗余	改"看着薇薇安在看不见的慌乱中手足无措"
dialogue_0019	7387	B	翻译腔	在失去视线的状态下欧化冗余	改"看着德雷库在看不见的慌乱中手足无措"
dialogue_0019	7455	B	现代词出戏	推动事情往前走了现代管理腔	改"我想我已经准备停当，可以动身了"
dialogue_0019	7509	B	现代词出戏	我或许是负责人是现代职场词	改"我虽是主事的人"，与7592"我主事"统一
dialogue_0019	7531	B	现代词出戏	给我们一点私人空间是现代用语	改"若各位肯行个方便，让我们单独说几句话"
dialogue_0019	7541	B	翻译腔	普洛自己拿起了主意搭配不通	改"普洛自作主张"
dialogue_0019	7544	B	翻译腔	乌尔里克自己拿起了主意搭配不通	改"乌尔里克自作主张"
dialogue_0019	7547	B	现代词出戏	一件宝贵的资产工商味出戏	改"我们就多了一份宝贵的本钱"
dialogue_0020	7668	B	翻译腔	「我震惊了」生硬，明显翻译腔	改「我大吃一惊」
dialogue_0020	7705	B	翻译腔	「为了帮我自己实现他的目标」拗口不通	改「他抛弃信念，为的是帮{i}我{/i}实现他的目标」
dialogue_0020	7726	B	现代词出戏	「主动联系了我」是现代通讯腔	改「三人执政团主动找上了我」
dialogue_0020	7764	B	现代词出戏	「把发言权交给了索维」是现代会议用语	改「把话头交给了索维」
dialogue_0020	7779	B	现代词出戏	「潜在的收益大于潜在的风险」是职场风险评估腔	改「好处总比风险大，值得一试」
dialogue_0020	7816	B	翻译腔	「而他是赢得尊重」语法不通，缺结构	改「而尊重是他自己挣来的」
dialogue_0020	7818	B	翻译腔	「这可没帮上忙」习语直译，指代悬空	改「更糟的是，他还偏偏爱骗人」
dialogue_0020	7824	B	现代词出戏	「航运公司」为现代组织名，与奇幻世界出戏	改「马泽奥船行」
dialogue_0020	7954	B	现代词出戏	「达成一致」是现代会议用语	改「就在{i}这一点{/i}上说定了吧」
dialogue_0020	7980	B	现代词出戏	「灵能」属科幻词误入奇幻	改「没有灵气滋养大地」
dialogue_0020	7986	B	翻译腔	「统治一个注定灭亡的国度的焦虑」多层定语、相邻两「的」	改「统治着注定灭亡的国度，还要为此焦虑——那太沉重了」
dialogue_0020	7989	B	现代词出戏	「入境手续」是现代官僚用语	改「平日里总要过一道繁琐的入城查验」
dialogue_0020	7991	B	现代词出戏	「紧密合作」是现代公文腔	改「建议在这件事上与乌尔里克多加配合」
dialogue_0020	7996	B	现代词出戏	「天气预报」「死亡概率」两个现代词出戏	改「占卜说酷热难耐，还可能送命——不过只是可能」
dialogue_0021	8002	B	翻译腔	错过那场舞会对我们的事业可能是灾难性的	一旦错过那场舞会，对我们的事业将是灭顶之灾。
dialogue_0021	8005	B	现代词出戏	那依然是个不错的派对	但说到底，那仍是一场不错的宴会。
dialogue_0021	8033	B	翻译腔	我可不想当医生，所以离远点（play doctor 直译）	我可不想给你治伤，所以离远点。
dialogue_0021	8058	B	现代词出戏	你的演讲给了我们证据	你那番话给了我们证据，无可辩驳。
dialogue_0021	8126	B	现代词出戏	他有{i}很多{/i}信息要传给我们	他有{i}很多{/i}见闻要传给我们。
dialogue_0021	8159	B	现代词出戏	给阿拉林西亚一种新的领导方式	给阿拉林西亚换一种统治方式，是合情合理的。
dialogue_0021	8164	B	现代词出戏	更换领导层需要流血	更换统治者必将带来流血。
dialogue_0021	8237	B	现代词出戏	不会有任何建设性的结果	那种猜测不会有任何益处。
dialogue_0021	8241	B	翻译腔	他们被囚禁的愤怒所驱动被动硬译、指代含混	那些声音源于我们遭囚禁的怒火。
dialogue_0021	8242	B	现代词出戏	就像白噪音一样，我们已经逐渐屏蔽了它	就像听惯了的背景杂音，我们已经渐渐不再理会它。
dialogue_0021	8252	B	现代词出戏	他们共用同一个工作场所	我猜他们共用同一片工坊。
dialogue_0021	8313	B	现代词出戏	以后我还是想跟你单独做个访谈	不过以后我还是想跟你单独聊聊。
dialogue_0021	8371	B	现代词出戏	正在接收能量／能量的源头	它正在接收力量。\n然而，力量的源头在地下深处。
dialogue_0022	8447	B	现代词出戏	叙事层出现现代词"办公室"	改"莉莉丝走进他的书房/公事房"
dialogue_0022	8448	B	称谓	对长官sir直译成"先生"，违反称谓规格	改"格瑞兹，大人。文件已经重新发出去了。"
dialogue_0022	8454	B	称谓	sir直译"当然，先生"	改"当然，大人。随时都行。"
dialogue_0022	8515	B	现代词出戏	让那些新信息慢慢消化含现代词"信息"	改"让这些新得知的事慢慢沉淀一阵"
dialogue_0022	8517	B	翻译腔	他喜欢我到愿意告诉我他的过去欧化生硬	改"我很高兴他如此信任我，肯把往事告诉我"
dialogue_0022	8545	B	现代词出戏	文化冲击为现代社科词直译入奇幻	改"连马泽奥也让我和朋友们颇不适应"
dialogue_0022	8597	B	翻译腔	我不想万一……他拿这个当筹码句式残缺	改"我可不想哪天可怕的秘密曝光，他会拿承诺做文章"
dialogue_0022	8605	B	翻译腔	对每一种可能，无论多不可能的走向语序混乱	改"无论多么不可能，每种走向我都要有所准备"
dialogue_0022	8624	B	翻译腔	他们告诉了我他们怎么认识他们的代词粘连	改"可后来，他们说起了当初是怎么认识我父母的"
dialogue_0022	8627	B	翻译腔	我沉浸在否认中系denial直译	改"我一度怎么也不肯相信"
dialogue_0022	8655	B	翻译腔	以当事人永远不知道的方式影响着别人施受不清	改"在人们毫不知情间，悄悄波及旁人"
dialogue_0022	8739	B	现代词出戏	去找阅读材料为现代教育用语	改"去找些书册典籍来读"
dialogue_0022	8763	B	现代词出戏	面试为现代求职用语	改"等等，这算是在考校我吗？"
dialogue_0022	8785	B	翻译腔	比任何其他候选人都更有训练直译病句	改"我们比任何候选人都训练有素"
dialogue_0023	8831	B	现代词出戏	“瓦利诺斯这儿的岗位很无聊”，岗位是现代职场词	改：所以当我说瓦利诺斯这儿的差事很无聊？
dialogue_0023	8838	B	翻译腔	“马泽奥可不是以虔诚闻名的”，“以…闻名”欧化	改：马泽奥的人可谈不上虔诚。
dialogue_0023	8873	B	现代词出戏	energy 译“能量”属科幻词（8902/8994/9061/9063 同）	改：真不敢相信那么多力量都在你体内。
dialogue_0023	8934	B	翻译腔	“这声音立刻就认出来了”被动无施事、语法别扭	改：但对我来说，这声音一下子就认了出来。乌尔里克……？
dialogue_0023	9017	B	翻译腔	“胜利就等同于是我们的”逐词硬译	改：只要做到这点，胜利几乎已经是我们的了。
dialogue_0023	9044	B	现代词出戏	“快进二十来年”，录像播放用语	改：一晃二十来年过去，他们已是成年男女。
dialogue_0023	9069	B	现代词出戏	“活跃的海盗网络”，“网络”见禁用表	改：那里还有没剿干净的海盗，专从马泽奥往阿拉林西亚走私。
dialogue_0023	9072	B	翻译腔	“趁还能利用时加以利用”，“加以”且动词重复	改：我们该趁现在好好利用这一点。
dialogue_0023	9161	B	现代词出戏	“把佩雷格里诺军事化”，现代军语	改：作为代理长老，我的第一道命令就是把佩雷格里诺改成驻军营地。
dialogue_0023	9174	B	现代词出戏	“是要开会了吗”，“开会”见禁用表	改：但他随后也朝那张桌子走去。这是要商议了？
dialogue_0023	9177	B	现代词出戏	“是要开会了吗”，“开会”见禁用表	改：片刻之后，乌尔里克也跟了过去。是要议事了吗？
dialogue_0024	9269	B	翻译腔	“信念本来就是关于冒险的”欧化句式	是啊，可信念本来就伴随着风险。
dialogue_0024	9318	B	现代词出戏	“能量”属科幻词，规格要求改灵力	一尊巨大的灵像，涌动着难以估量的灵力。
dialogue_0024	9366	B	现代词出戏	“开会”为禁用现代组织词	他们在这里聚议，处理事务不受地理偏向左右。
dialogue_0024	9441	B	现代词出戏	“诚信自助”是现代无人零售用语	全凭自觉？那也太容易钻空子了。
dialogue_0024	9452	B	翻译腔	“会因……的选择而有所不同”拗口，9453同	你把佩雷格里诺改成了兵营，这段队伍闲聊也随之不同。
dialogue_0024	9467	B	语域	“负责任地处理”带现代职场口吻	你没法把每件事都照料周全。
dialogue_0024	9500	B	翻译腔	“两人都能听见地”为硬译，不顺	两人都明显地咽了口口水。
dialogue_0024	9508	B	现代词出戏	“网络”为禁用现代词	我们将结成庞大的同盟——随时应对任何挑战。
dialogue_0024	9536	B	现代词出戏	“酷”为现代词	这太棒了。
dialogue_0024	9542	B	现代词出戏	“矛盾的信号”含禁用词“信号”，9544同	可我实在拿不准你的态度。
dialogue_0024	9592	B	现代词出戏	“能量”属科幻词，应改气力	它简直像在慢慢抽干我的气力！
dialogue_0025	9637	B	现代词出戏	旁白"突然表现出的共情"是现代心理学术语	改为「注意到哈林突如其来的体谅」
dialogue_0025	9643	B	翻译腔	确保三人执政团——我们的神——的统治插入语加"的"结句拗口	改为「我战斗，是要让三人执政团——我们的神——统治长存」
dialogue_0025	9648	B	现代词出戏	旁白"回到了自己的办公室"是现代职场词	改为「回到了自己的公署（或书房）」
dialogue_0025	9785	B	翻译腔	祝福村民、也祝福你能力的舞缺"的"，搭配生硬	改为「一支为村民祈福、也祝福你技艺的舞」
dialogue_0025	9807	B	现代词出戏	同段两处"能量"为科幻词，首句已译"灵力"	改为「这股灵力总得有来源」「灵像把灵力输送到大地」
dialogue_0025	9849	B	现代词出戏	回馈点什么是现代商务口语	改为「你什么时候能为这儿出点力？」
dialogue_0025	9853	B	翻译腔	不是指今天，也不是这周，而是总体上直译收尾生硬	改为「不是今天、这周，而是历来最明智的一句」
dialogue_0025	9963	B	翻译腔	任何能在接下来的战斗中占上风的东西无谓语成孤句	改为「但凡能让你占上风的，我都教」
dialogue_0026	10058	B	现代词出戏	“比那套花哨的西装合身多了”，西装是现代服饰	改为“比那套花哨的华服合身多了”
dialogue_0026	10080	B	现代词出戏	“不受物理法则约束”，现代科学词入奇幻	改为“它悬浮旋转，仿佛不循天地常理”
dialogue_0026	10202	B	现代词出戏	“还要为志愿者备好剑”，现代公益组织词	改为“还要为自愿从军者备好剑”
dialogue_0026	10240	B	现代词出戏	“我们本可以达成协议”，协议属规格禁用词	改为“要是他们先开口商量，我们本可以谈和”
dialogue_0026	10262	B	现代词出戏	“肯定有很多事要补课”，学校用语出戏	改为“肯定有很多消息要补上”
dialogue_0026	10285	B	翻译腔	“任何目标都无法为之辩护”，justify 直译生硬	改为“无论出于什么目的，都开脱不了他们对瓦利诺斯的所为”
dialogue_0026	10291	B	现代词出戏	“待在舒适区里”，现代职场/心理热词	改为“守着安逸日子，永远改变不了历史”
dialogue_0026	10345	B	语域	“我独自办事快得多”，办事偏现代职场口吻	改为“我独来独往时，行事要利落得多”
images_booknotes	b0003.png	B	翻译腔	这对许多原因而言都很有趣（for many reasons 直译）；"并通过延伸的方式惠及阿莱斯提亚"（by extension 直译）；"被赋予聆听并解读先知的幻象，他们肩负着…"（被动硬译）	分别改「这背后有许多耐人寻味之处」「并由此惠及阿莱斯蒂亚」「受命聆听并解读先知的幻象，他们背负着沉重的精神负担」
images_booknotes	b0008.png	B	现代词出戏	在任何给定的时刻（给定）、"只有在交付了最终的先知之后"（交付）、"我将寻求未来可能的合作伙伴"（合作伙伴）	改「任何时候」「最后一位先知降生之后」「我将寻觅可以共事的同道」
images_booknotes	b0009.png	B	现代词出戏	很高兴知道我们能在这项宏大的事业中相互协作——"协作"属校对规格禁用现代词	改「很高兴我们能在这项宏大的事业中并肩共事」
images_booknotes	b0010.png	B	错译	为了这最后的十年，我一直在训练…（原文 For the last ten years＝十年来，非目的）；"阿莱斯提亚究竟有多大？"（原文 How much of Alestia is uncharted?＝多少未探索，非面积大小）	分别改「这十年来，我一直在训练…」「阿莱斯蒂亚还有多少疆域未曾踏足？」
images_booknotes	b0012.png	B	错译	引语"一张小小的纸片竟然就能决定我和我的人民的生活方式，而且我们一直都过着诚实的生活"（原文：一纸文书是挡在我们过诚实生活路上的唯一障碍）；"这只会让贸易禁令解除"（原文 I'd like to see…＝我希望看到，愿望误作结果）	分别改「我很难相信，区区一纸文书竟会挡在我们一家人过安稳日子的路上」「我希望贸易禁令被解除，让我和我的人作为诚实劳动者重回社会」
images_booknotes	b0013.png	B	错译	他想要的是被抓个正着（原文 He wants me to get caught on purpose，缺主语"我"与"故意"）	改「他想让我故意被抓」
images_booknotes	b0014.png	B	现代词出戏	至少这是活动人士们的说法、"直到他们的运动逐渐获得支持并被广泛实践"——活动人士/运动为现代词，"被广泛实践"与"运动"错配	改「至少那些倡导者是这么说的」「没过多久，他们的呼声渐获响应，这种做法便被废止」
images_booknotes	b0015.png	B	错译	他似乎对这个国家有着某种难以言喻的掌控力（原文 stranglehold＝铁腕扼制，非"难以言喻"）；"这不过是时间问题，直到他在竞技场中被推翻"（only a matter of time until… 习语直译成病句）	分别改「他几乎将这个国家牢牢扼在掌中」「他在竞技场中被推翻只是时间问题」
images_maps	BalteusMap2.png	B	翻译腔	路标"TO THE TRIUMVIRATE"译作"前往三人执政团"缺中心词，不成地名（BalteusMap3 已有"三人执政团城堡"）	改"通往三人执政团城堡"
images_tutorial_menu	tut001.png	B	翻译腔	在可用时，此图标会带你前往世界地图。状语前置生硬	改为"此图标可用时，会带你前往世界地图。"
images_tutorial_menu	zz4.png	B	翻译腔/漏译	他在生命最后时刻，确保……缺"的"，且漏掉原文承接连词 For（与上一张"并非一无所获"的因果断裂）	改为"原来，他在生命的最后时刻，确保了那件至关重要的神器安然无恙。"
strings_0001.tsv	136	B	标点/占位符	半角括号“(每场戏后返回此地图)”残留	改全角“（每场戏后返回此地图）”
strings_0001.tsv	153	B	现代词出戏	“能量”为科幻词，奇幻对白出戏	改“气力”或“灵力”
strings_0002.tsv	512	B	现代词出戏	“办派对”现代口语，与“舞会”语域不合	改“德雷库确实懂得怎么办聚会”
strings_0002.tsv	709	B	翻译腔	“你似乎对这知道得非常多”欧化生硬	改“你未免知道得太多了，乌尔里克”
strings_0003.tsv	1132	B	标点/占位符	半角单引号'shift+C'与1133全角不一（含1134）	统一全角引号或去掉引号
strings_0003.tsv	1137	B	标点/占位符	开发者菜单半角括号(D)/(Shift+R)等（1136-1143）	统一改全角“（Shift+R）”
strings_0003.tsv	818	B	语域	“承担这个角色”属禁用职场口吻	改“我可没要求担下这个身份”
strings_0004.tsv	1234	B	标点/占位符	半角“(A)”与1232全角括号不一（含1235）	改“跳过（A）”“返回（B）”
dialogue_0001	11	C	文笔	“转头去迎接”与满心惊恐的语境不合	我怀着满心惊恐，转过身去面对这第二个陌生人
dialogue_0001	141	C	文笔	“整个整个的村庄”叠词生硬	情报能救下一座座村庄！
dialogue_0001	156	C	文笔	“这是真实的”生硬直译	这一切都是真的
dialogue_0001	183	C	文笔	“稳操你所见的那场胜局”搭配生硬（184 同）	我们能赢下你所见的那场胜利
dialogue_0001	256	C	文笔	“还挺有竞争的”搭配不当	据说，这个位子竞争可激烈了
dialogue_0001	271	C	文笔	“我心底有些希望”语义含糊	我心底仍抱着一线希望
dialogue_0001	295	C	文笔	“对王位的宣称”欧化名词短语	而非血统或对王位的继承之权
dialogue_0001	311	C	文笔	“也轻易要花上几天”欧化拗口	乘船少说也要好几天
dialogue_0001	312	C	文笔	“被热化成一滩水”被动句拗口	否则准会热成一滩水
dialogue_0001	90	C	文笔	“你的重要性只是作为筹码”名词化拗口	你之所以重要，只因为你是筹码
dialogue_0002	449	C	文笔	“被热化成一滩水”生硬	改“准会热得化成一滩水”
dialogue_0002	486	C	文笔	“我爬到桌子底下，满是没用的零碎玩意儿”主语粘连	拆句：“我爬到桌子底下，这儿满是没用的零碎玩意儿”
dialogue_0002	570	C	文笔	“循环播放”现代媒体用语，欠文学味	改“刚才的幻象在脑海里一遍遍重现”
dialogue_0002	587	C	文笔	“我一眼扫过一切”生硬	改“我环顾四周，乱得一塌糊涂”
dialogue_0002	648	C	文笔	“最重要的重心”语义重复	改“训练必须是我最要紧的事”
dialogue_0002	654	C	文笔	“顶替上位”搭配生硬	改“我也希望自己永远不用挺身接任”
dialogue_0002	717	C	文笔	“这感觉才刚刚沉到我心里”别扭	改“如今亲眼所见，我才真正意识到”
dialogue_0002	768	C	文笔	“他这趟小出行”生硬	改“只要他这趟出行有所收获就好”
dialogue_0003	1062	C	文笔	哇，您可真专业丢了与普洛名字的双关	哇，您可真是位高手。（与 1175"所以你是个'高手'……"呼应）
dialogue_0003	1070	C	文笔	看看当时悬着的是什么直译别扭	想想当时押上的是什么。
dialogue_0003	813	C	文笔	我比那要更好，而我此刻才意识到生硬	我本不该那样，此刻才意识到这一点。
dialogue_0003	874	C	文笔	我现在方向感清楚多了搭配不当	我现在心里更有方向了。
dialogue_0003	884	C	文笔	许多过往得以避开主客颠倒	仍会有许多未来未被得见，许多过往无从经历。
dialogue_0004	1319	C	文笔	“我得请你问得具体些”连用两“请”拗口	改“若我请你问得更具体些，还望见谅。”
dialogue_0004	1371	C	文笔	“让它撑得越久越好”用“撑”写苹果，动词不当	改“看来我得省着吃，能吃多久是多久……？”
dialogue_0004	1430	C	文笔	“童兵”非汉语惯用语，生硬	改“少年兵”或“娃娃兵”
dialogue_0004	1455	C	文笔	“奴役这整个无辜世界”缺“人”，语序生硬	改“它赋予了他们奴役一整个世界无辜生灵的力量。”
dialogue_0004	1471	C	文笔	“占着先见之明”搭配不成立	改“我们能占尽先机。”
dialogue_0004	1583	C	文笔	“禁止它交易”搭配生硬，似苹果自己交易	改“可我不明白三人执政团为什么不许买卖这种苹果。”
dialogue_0005	1686	C	文笔	“我很乐意一起共度些美好时光”主语含混、拗口	改“欢迎你来找我，我很乐意陪你消磨些时光”
dialogue_0005	1727	C	文笔	“能很好地看人品”搭配生硬	改“这是个不错的考验，很能看出一个人的品性；而你通过了”
dialogue_0005	1849	C	标点/占位符	“不管那里面藏着什么知识？”句中问号不合中文规范	改“不管那里面有什么知识，我们都有权知道”
dialogue_0005	1912	C	文笔	“庞大的舰船武备”生造搭配	改“其中有一支庞大的船队，让亚历克斯的条件显得微不足道”
dialogue_0006	2003	C	文笔	响亮、金属质感、空洞并列生硬，像名词堆砌	改"当当作响，带着金属的空洞回声"
dialogue_0006	2093	C	文笔	想弥补达梅克动宾搭配不当	改"大概是想向达梅克赔个不是"
dialogue_0006	2108	C	翻译腔	这真让人印象深刻是impressive套语直译	改"我自己的房间？这可真不赖"
dialogue_0006	2117	C	文笔	训练假人看起来使用得很频繁读来拗口	改"训练假人显然没少挨打"
dialogue_0006	2188	C	文笔	我一直都收到关于它的赞美翻译腔重	改"是啊，老有人夸它呢"
dialogue_0006	2333	C	文笔	会为此背后捅刀子的东西中"为此"赘余绕口	改"为了这些东西，她平时没少背后捅刀"
dialogue_0007	2551	C	文笔	动作会变得马虎搭配不当	改"你的动作会变得散乱、难以预测"
dialogue_0007	2564	C	文笔	连掌都不给我鼓一下拆用生硬	改"哦，得了吧，都不给我鼓个掌吗"
dialogue_0007	2609	C	文笔	从我看到的来看叠赘拗口	改"依我所见，还挺深情的"
dialogue_0007	2631	C	文笔	你随时可以随意使用叠赘	改"你尽可随意使用"
dialogue_0007	2650	C	文笔	近乎无限的数量缺宾语，指代悬空	改"三人执政团能创造出近乎无穷无尽的荣誉卫队"
dialogue_0007	2654	C	翻译腔	等待被锻炼被动硬译	改"一块新的肌肉——正待锻炼"
dialogue_0007	2722	C	文笔	正在成为一个朋友量词多余生硬	改"索维正在渐渐成为朋友"
dialogue_0007	2765	C	文笔	让自己挺忙的使役直译别扭	改"看来他一直忙个不停"
dialogue_0007	2797	C	文笔	找到几本书，但都没什么希望主谓搭配不当	改"我找到几本书，但都没找到什么有希望的"
dialogue_0007	2800	C	文笔	心里有一部分欧化直译	改"但我心底其实希望他们是对的"
dialogue_0008	2810	C	翻译腔	争夺你的能力和关注	改"争抢你的本事、占用你的时间"
dialogue_0008	2817	C	文笔	她能在想这些事，是件好事	改"她会想到这些事，是件好事"
dialogue_0008	2862	C	翻译腔	他好像不太想说话时看着我	改"他说话时似乎不愿看着我"
dialogue_0008	2884	C	文笔	某种看起来像法律文件的文书	改"那似乎是一份法律文书模样的东西"
dialogue_0008	2890	C	文笔	所以，就有了现在	改"所以，酒就摆在这儿了"
dialogue_0008	2926	C	文笔	没什么深重的	改"没聊什么太严肃的话题"
dialogue_0008	2960	C	文笔	上面的花纹是花卉图案，明显是女式款	改"那是花卉纹样，明显是女子的样式"
dialogue_0008	2963	C	文笔	尸体一望无际	改"放眼望去尽是尸体"
dialogue_0008	2986	C	翻译腔	离开那座牢笼，让我们的心智付出了代价杂糅	改"走出那座牢笼，我们的神智也损耗不小"
dialogue_0008	3037	C	翻译腔	我完全打算履行我这边的约定	改"我本就打定主意履行我这边的约定"
dialogue_0008	3078	C	文笔	那把剑在反应，在颤抖	改"那把剑起了反应，不住颤抖"
dialogue_0008	3153	C	文笔	我的剑迸发出巨大的反应	改"我的剑起了剧烈的反应"
dialogue_0008	3168	C	文笔	那么，我想就是现在了	改"那么，我想是时候了"
dialogue_0009	3217	C	标点/占位符	原文"Seeress."是句点，误作省略号，与3216无别	改"记住我的仁慈，先知。"
dialogue_0009	3279	C	文笔	索维想让它更致命的企图多层定语拗口	改"索维想加重伤势的企图显然失败了"
dialogue_0009	3321	C	文笔	严肃的解释与"解释"搭配生硬	改"这得有个正经的解释，而且要快"
dialogue_0009	3360	C	文笔	永无答案的疑问——终于有答案前后矛盾	改"悬置已久的历史疑问——终于有答案"
dialogue_0009	3542	C	文笔	把族人判入……处境判入与处境搭配不当	改"把我们的族人推入行尸走肉般的活法，并不合适"
dialogue_0009	3583	C	文笔	把他们判给一个……未来判给搭配不当	改"把他们推入充满痛苦与苦难的未来"
dialogue_0010	3608	C	文笔	那袭击时他们为什么语序生硬	改"那场袭击中，他们为什么几乎把我们杀光了？"
dialogue_0010	3909	C	文笔	这是我一直唯一想知道的叠用别扭	改"这一直是我唯一想知道的事。这就是我干这一行的原因。"
dialogue_0010	3973	C	文笔	拥有衰老的自由搭配生硬	改"他终于能够像常人一样老去，并最终得到安宁。"
dialogue_0010	3997	C	文笔	带你去看它确切发生的地方指代不清	改"我会带你去看事发的确切地点。"
dialogue_0011	4008	C	文笔	已经厌倦了一辈子都带着它语序拗口	改"我已厌倦了这一生都带着它"
dialogue_0011	4026	C	文笔	喂养它力量动宾搭配生硬	改"夺走他们的剑，为它注入力量"
dialogue_0011	4057	C	文笔	的目的是以力量喂养连读拗口	改"如果他们想让这把剑汲取力量"
dialogue_0011	4169	C	文笔	研读他缺宾语，读来别扭	改"在舞会前读些关于他的书"
dialogue_0011	4210	C	文笔	几乎其他所有人都已经到了语序生硬	改"很高兴看到其他几乎所有人都到齐了"
dialogue_0011	4245	C	文笔	付出…协调与谋划动宾搭配不当	改"那需要付出巨大努力，做好调度与筹划"
dialogue_0011	4356	C	文笔	掌声更加爆发搭配生硬	改"人群中爆发出更热烈的掌声"
dialogue_0011	4357	C	文笔	最后一次召唤…团结一心拗口，"召唤"不贴	改"最后一次号召，让我们的事业凝聚一心"
dialogue_0012	4523	C	文笔	我们较着力，力量几乎不相上下生造搭配	我们互相角力，力气几乎不相上下，各自颤抖着想压过对方。
dialogue_0012	4563	C	文笔	不会再有好人沦为他们麾下搭配不当	如果我们赢了，至少不会再有好人受他们驱使。
dialogue_0012	4616	C	文笔	但我追寻的只是一个不可能名词化生硬	但我追逐的本就是不可能之事。
dialogue_0012	4653	C	文笔	我不懂这怎么会句子不完整	巴尔泰乌斯变了？它在死去？我不知道这是怎么一回事。
dialogue_0012	4676	C	文笔	这就是我们手头所有的了缺宾语	但不能再拖了。这就是我们全部的底牌了。
dialogue_0013	4841	C	文笔	前两句均用“是……的方式”，中文显重复	但就像你说的——错误让我们学习、成长，让我们变得{i}更好{/i}
dialogue_0013	4857	C	文笔	“那反应说明他是在对自己的名字有所触动”冗绕	那人耳朵一竖，显然是自己的名字触动了他
dialogue_0013	4886	C	文笔	“我最近就没走过好运”搭配生硬	说到休息，我就从没交过好运
dialogue_0013	4887	C	文笔	“被侵袭心头的焦虑压垮”修饰缠绕	在房间里踱着步，我几乎被心头翻涌的焦虑压垮
dialogue_0013	4929	C	文笔	“显得更加‘最终’”搭配别扭	每个人都在忙，这让一切更有了“终结”的意味
dialogue_0013	4944	C	文笔	“那种承认彼此也许再也见不到面的笑”定语缠绕	那是一种心照不宣的笑——彼此都明白或许再难相见
dialogue_0013	4945	C	文笔	“我有的保护远超所需”生硬（4947/4949/4951 同）	我得到的庇护远超所需
dialogue_0013	4958	C	文笔	“一声巨响的破裂声”修饰重复	我听见一声剧烈的碎裂声
dialogue_0013	5083	C	文笔	“就算一切都似乎失去了”语序生硬	就算一切看似都已失去——这一点也永远不会变
dialogue_0013	5084	C	文笔	“我们亲吻，也许，这是最后一次”停顿破碎	我们亲吻彼此，也许这是最后一次
dialogue_0013	5184	C	文笔	“普洛和格瑞兹的路把他们引到”人称缠绕	普洛和格瑞兹一路前行，来到一条宽阔的走廊
dialogue_0014	5208	C	文笔	战斗的脸上绽开大大的笑容（搭配不当）	格瑞兹嗤笑一声，厮杀间脸上绽开大大的笑容。
dialogue_0014	5261/5289/5319	C	文笔	王室的残骸/族人的残骸如雨洒落（原文是燃烧余烬）	将王权的余烬如雨般洒落；5319 作"他与族人的余烬融为一体"。
dialogue_0014	5363	C	翻译腔	确保我受到保护（被动生硬）	索维和乌尔里克率先迎战，合力护住我。
dialogue_0014	5543	C	文笔	反而将他推向更极端的地步	箭伤的疼痛反而逼他愈发不顾一切。
dialogue_0014	5556	C	文笔	这一击致命的一剑理应由它来给（拗口）	仿佛它们承认，这最后一理由它来完成。
dialogue_0015	5623	C	文笔	我的小臂软弱无力地瘫死在地上（5680 同）	我的小臂瘫软在地上，早已没了生气。
dialogue_0015	5790	C	文笔	我的体内是王室。数十亿渴望相助的灵。	我体内承载着王室——数十亿渴望相助的灵。
dialogue_0015	5883	C	文笔	……很快淡入历史与传说之中（传说重复）	很快便没入历史与传说。
dialogue_0015	5925	C	文笔	直到因年迈而离世，安然辞世（重复）	直至年迈而终，安然辞世。
dialogue_0015	5937	C	文笔	他像对着在场的她说话一样，把发生的一切都讲给她听（绕）	他仿佛母亲就在身旁，把发生的一切都讲给她听。
dialogue_0015	5968	C	文笔	同句他/索维主语切换	他信守承诺，返回马泽奥之后便再未现身。
dialogue_0015	5984	C	文笔	得到了履行……得到了宽恕（得到重复）	他的条约得到履行，海盗们过去的罪过也获宽恕。
dialogue_0016	6057	C	文笔	仿佛过了漫长的一瞬自相矛盾	改"仿佛过了许久"
dialogue_0016	6106	C	文笔	响亮而焦虑的叹息形容词堆叠、搭配生硬	改"满心焦虑地长叹了一声"
dialogue_0016	6149	C	文笔	漫不经心与 carefree（无忧无虑）不符且偏贬	改"总是那么无忧无虑"
dialogue_0016	6191	C	文笔	我打碎了你的鼻子搭配生硬	改"我打断了你的鼻梁"（与 6197 呼应）
dialogue_0016	6206	C	翻译腔	会带来可能影响他余生的后果多层定语拗口	改"他的所作所为，可能会影响他的余生"
dialogue_0016	6268	C	文笔	我告诉他他可以两"他"连读拗口	改"我告诉他：他能做到，只需鼓起勇气"
dialogue_0016	6327	C	文笔	留下一个灵魂留在这具躯体里两"留"重复	改"留一个灵魂在这具躯体里"
dialogue_0016	6333	C	文笔	自由地做出自己的选择缺引导词，读似祈使	改"还能自由地选择自己的路"
dialogue_0016	6352	C	文笔	是王权赋予了自由意志缺宾语"我们"	改"是王权赋予了我们自由意志"
dialogue_0016	6369	C	文笔	我道歉，[firstname]不合中文口吻	改"抱歉，[firstname]"
dialogue_0016	6370	C	文笔	在世界交到我手中时语序生硬、前后两个"我"相撞	改"他只是希望等世界握在我手中时，我能好好照料它"
dialogue_0016	6371	C	文笔	我们已经走到尽头了易误读为关系破裂	改"我们已经走到终点了"
dialogue_0016	6375	C	翻译腔	统治这个世界真的存在正确的方式吗存现句欧化	改"统治这个世界，真有正确的道路吗"
dialogue_0017	6441	C	文笔	他很好预测，而这正是你能利用的优势	他这人不难预料，而这正是你能利用之处，[firstname]。
dialogue_0017	6592	C	文笔	我老到足以用正当的方式赢得这些刺青	我活了这把年纪，已足以凭正当的方式赢得这些刺青。
dialogue_0017	6593	C	文笔	他在声称自己有几千岁（进行时直译）	他居然说自己有几千岁……？
dialogue_0017	6638	C	文笔	但最终，最后的决定权还是在我手上（重复）	但最终，决定权还是在我手上。
dialogue_0017	6650	C	文笔	你就是个永远的目标（搭配生硬）	在这里当统治者，你随时都会成为别人的目标。
dialogue_0017	6725	C	文笔	我不能再把这事看得这么私人了	我不能再这么感情用事了。
dialogue_0017	6767	C	术语/专名	天晓得与 6573"神灵作证"对 Spirits 译法不一致	神灵在上，经历了这一切，我需要喝几杯。
dialogue_0018	6841	C	文笔	动作会变得马虎搭配不当，sloppy 应为散乱	改"你的动作会变得散乱、难以预测"
dialogue_0018	6854	C	文笔	连掌都不给我鼓一下生硬别扭	改"哦，得了吧，连一点掌声都不给我？"
dialogue_0018	6969	C	文笔	精心算计过的中"算计"带贬义，宜取中性词	改"那是精心排布过的，这样跳舞时谁也不会撞到谁"
dialogue_0019	7231	C	文笔	确保……进攻狠狠打下去搭配不通	改"将确保我们对巴尔泰乌斯的进攻{i}势大力沉{/i}"
dialogue_0019	7306	C	文笔	听说过……的传闻语义重复	改"我听说过你随身那把剑的事"
dialogue_0019	7321	C	文笔	听说过……的传闻语义重复	改"我{i}确实{/i}听过关于你那把剑的传闻"
dialogue_0019	7361	C	文笔	将近十几个人数量表述叠床架屋	改"十来个人朝他冲来"
dialogue_0019	7363	C	文笔	将近十几个人数量表述叠床架屋	改"十来个人朝他冲来"
dialogue_0019	7444	C	文笔	空气中弥漫的逃避搭配不当	改"我能感觉到众人刻意回避的意味"
dialogue_0019	7450	C	文笔	这份失去生硬别扭	改"他的离去会给我更多力量——更多决心"
dialogue_0019	7452	C	文笔	这份失去生硬别扭	改"他的离去会给我更多力量——更多决心"
dialogue_0019	7462	C	文笔	交换了一个尴尬的眼神直译生硬	改"两人尴尬地对视了一眼"
dialogue_0019	7472	C	文笔	充满尴尬的沉默欧化、"的"字堆叠	改"一阵尴尬的沉默笼罩了房间，但他已会意"
dialogue_0019	7513	C	文笔	花了将近一天中的大半天语句不通	改"那少说也花了大半天，对我来说却仿佛只是片刻"
dialogue_0019	7514	C	文笔	你还掌权着搭配别扭	改"你仍大权在握，想必很得意吧？"
dialogue_0019	7591	C	文笔	他们……他们代词粘连	改"在两人自己看来，大功已经告成"
dialogue_0020	7661	C	文笔	「制造伤口」搭配不当	改「他们却造成了当初承诺要治愈的伤口」
dialogue_0020	7778	C	文笔	「很重要的一次转折」与上句「转折点」重复	改「意义重大」
dialogue_0020	7871	C	文笔	「每一步沉重的脚步」叠字冗余	改「随着他沉重的步伐一下下摇摆」
dialogue_0020	7931	C	文笔	「独自寂寞」语义重叠	改「总比孤零零一个人熬过航行强」
dialogue_0020	7962	C	文笔	「正前往争取阿拉林西亚的结盟」连动别扭（7966 同）	改「我们这就踏上争取阿拉林西亚结盟的航程」
dialogue_0021	8087	C	文笔	他之前对被惩罚的种种恐惧，很快就烟消云散了	他先前对受罚的担忧很快烟消云散。
dialogue_0021	8103	C	文笔	微微转动，展示着他的纹身缺主语	他微微转动手臂，展示着自己的纹身。
dialogue_0021	8107	C	文笔	你可能得找个模仿的纹身师生硬	你可能得去找人纹个一模一样的，就像萨卢斯那样。（注意此处"萨卢斯"须统一为"萨鲁斯"）
dialogue_0021	8111	C	文笔	我们都能从一些'点缀'中受益	人人都需要一点'点缀'才好。
dialogue_0021	8151	C	文笔	我本来一片悲观搭配生硬	我原本满心灰暗。
dialogue_0021	8221	C	文笔	这绝对是个巧合的好运生硬	是啊，确实是走了运。
dialogue_0021	8231	C	文笔	世代野蛮成长循环的产物拗口	德雷库是一代代残酷竞逐所养出来的结果。
dialogue_0021	8249	C	文笔	伤疤会困扰你们所有的部队	伤疤会纠缠你们{i}每一{/i}支队伍。
dialogue_0021	8285	C	文笔	他的船员看起来阵容庞大偏现代	他的船员看上去人数众多。
dialogue_0022	8524	C	文笔	我的瓦利诺斯领导工作堆叠拗口	改"至少，这会让我统领瓦利诺斯轻松许多"
dialogue_0022	8536	C	文笔	配得上你对我有多特别语法不通	改"正好配得上你在我心里的分量"
dialogue_0022	8538	C	文笔	化作不过是温柔的涟漪欧化生硬	改"滑入大海，只余一片温柔的涟漪"
dialogue_0022	8689	C	文笔	今天在这里，没有损失直译生硬	改"今天可一点都不亏"
dialogue_0022	8695	C	文笔	我本来开始担心一切了用词自相矛盾	改"我原本都开始担心起来了"
dialogue_0022	8734	C	文笔	我们现在本可以在庆祝语病	改"我们此刻本该在庆祝你的就任典礼了"
dialogue_0023	8855	C	文笔	“我一定是忙着处理我们的囚犯忘了”语序不通	改：我一定是光顾着我们的囚犯，给忘了。
dialogue_0023	8869	C	标点/占位符	源文“...”未转成中文省略号	改：……
dialogue_0023	9013	C	文笔	“持有那把剑过了漫长的岁月”拗口	改：三人执政团拥有那把剑已不知多久，你没那么多时间。
dialogue_0023	9043	C	文笔	“你会很融入的”搭配不当	改：你很快就会合群的。
dialogue_0023	9048	C	文笔	“但我们需要不是数量，而是策略”缺“的”	改：但我们所需的不是人数，而是策略。
dialogue_0023	9053	C	文笔	“你都已经被告知了”被动生硬	改：他瞒着你的那些秘密？嗯，你已经知道了。
dialogue_0023	9074	C	文笔	“我们可能扳倒了……却”可能与“了”时态杂糅	改：我们也许刚扳倒三人执政团，转头就要面对一支海盗大军。
dialogue_0024	9225	C	标点/占位符	“无论我怎么做？”中文不成问句	不过，无论我做什么，这都会是我在瓦利诺斯的最后一夜……
dialogue_0024	9243	C	文笔	“异常的剑”生硬，宜意译	全靠那把古怪的剑我们才有一线希望。
dialogue_0024	9295	C	文笔	“永久房间”不似自然中文	我想过给他留一间常住的房间。
dialogue_0024	9385	C	文笔	“巨大的巨剑”语素重复	一柄巨剑靠在桌边。
dialogue_0024	9446	C	文笔	“让出口它们变成了非法”拗口	但贸易禁令一出，它们就再也运不出去了。
dialogue_0024	9490	C	文笔	“我们不能那样”生硬，不合口语	那可不行。
dialogue_0024	9503	C	文笔	“翻开我们新的一页”缺中心语	这不过是为我们的史册翻开新的一页。
dialogue_0024	9504	C	文笔	“时间向前，事物在变”生硬	时光流转，万物皆变。
dialogue_0024	9513	C	文笔	“挺过过”别扭，宜与9542/9547“释怀”统一	我会释怀的。我连更糟的事都释怀过。
dialogue_0024	9556	C	文笔	“你会被照顾得妥妥当当”被动+叠词生硬	交给他，你尽管放心。
dialogue_0025	9644	C	文笔	阿莱斯蒂亚真正统治者的统治同词重复拗口	改为「确保阿莱斯蒂亚真正的统治者掌权」（与9946一致）
dialogue_0025	9742	C	文笔	烈日猛烈地穿透烈日与猛烈语义重复	改为「烈日穿透瓦利诺斯的树冠，来势凶猛」
dialogue_0025	9744	C	文笔	你很撑得起缺宾语，搭配不完整	改为「裙子真好看，你穿真合适」
dialogue_0025	9746	C	文笔	事情肯定不轻搭配不当	改为「事情肯定很严重」
dialogue_0025	9770	C	文笔	我要补偿我做过的缺中心语"事"	改为「我要弥补我做过的事」
dialogue_0025	9828	C	文笔	待遇非常优厚，而且拖欠已久了用词不当	改为「待遇非常优厚，而且早该给了」
dialogue_0025	9861	C	文笔	我看到的这是爱情的火花吗语序拗口	改为「我看到的是爱情的火花吗？」
dialogue_0026	10163	C	文笔	“他们就虚弱而脆弱”，同义堆叠拗口	改为“没有它，他们便不堪一击”
dialogue_0026	10253	C	文笔	“一个很舒适的中庸之地”，用词不当	改为“一个恰到好处的中间地带”
dialogue_0026	10306	C	文笔	“对他们持续的成功至关重要”，直译生硬	改为“对他们日后继续成事至关重要”
dialogue_0026	10357	C	文笔	“这就是……没找到……的原因”，欧化名词化	改为“也许正因如此，他们才一直没找到我们要找的东西”
images_booknotes	b0002.png	C	标点/占位符	页码作半角连字符"-1-/-2-"，与其余各图"~1~/~2~"及原文样式不一致	改为「~1~/~2~」
images_booknotes	b0011.png	C	文笔	她期望为这片梳浣的荒凉的土地带来和平与秩序——"梳浣"为生造/错字（原文 otherwise savage lands）；署名"——篇来自马泽奥新闻的最新文章"漏「一」字	疑为"蛮荒"类错字，请核对原图后改正；署名改「——一篇来自马泽奥的最新报道」
images_maps	AlarinMapColi.png	C	文笔	OUTSIDE译"外部"机械直译，图注生硬	改"城外"
images_maps	AlarinMapDesert.png	C	文笔	单数 SHIP 且图中仅一艘帆船，"船只"偏集合名词	改"帆船"（或"小船"）
images_maps	BalteusMap1.png	C	文笔	同为单数 SHIP 译"船只"	改"帆船"
images_tutorial_menu	tut003.png	C	翻译腔	在适用地图的左上角中"适用地图"直译拗口	改为"在相应地图的左上角，点击角色图标即可查看支线剧情。"
images_tutorial_menu	tut005.png	C	残留英文	右侧地图截图上仍有英文地名 "ICROWN"（原版美术同款，非本次翻译引入）	如改图成本低则遮盖/换中文地名，否则可接受
images_tutorial_menu	tut006.png	C	文笔/一致	正文"完成角色的心与心交谈"与标题"心与心的交谈"差一个"的"	统一写法为"心与心的交谈"
images_tutorial_menu	zz10.png	C	文笔	自信那里能护它周全中"自信"作状语搭配生硬	改为"他把剑藏在瓦利诺斯，确信那里能护它周全。"
images_tutorial_menu	zz2.png	C	漏译	漏掉 "recent"（新近），"失去领袖后"时态感减弱	改为"新近失去领袖后，他们正举步维艰。"
strings_0001.tsv	132	C	文笔	“我是唯一的一个”翻译腔	改“只有我一个”
strings_0002.tsv	744	C	文笔	“劲爆秘密”带网络口语味	改“带劲的秘密或趣闻”
strings_0002.tsv	749	C	文笔	“想去退休的地方”搭配生硬且现代	改“打算归隐养老的地方”
strings_0003.tsv	1041	C	文笔	“下一页存档”语序别扭（含1042）	改“下一个存档页。”“上一个存档页。”
strings_0003.tsv	839	C	文笔	“没法不在意”双重否定生硬	改“你迷人得让我始终回不过神”
strings_0003.tsv	852	C	文笔	“一个梦想，让其他人…”结构松散	改“一个让谁都不再失去家园的梦想”
